run,type,module,name,attrname,attrvalue,value,count,sumweights,mean,stddev,min,max,binedges,binvalues
PureAlohaExperiment-95-20210531-16:31:23-5637,runattr,,,configname,PureAlohaExperiment,,,,,,,,,
PureAlohaExperiment-95-20210531-16:31:23-5637,runattr,,,datetime,20210531-16:31:23,,,,,,,,,
PureAlohaExperiment-95-20210531-16:31:23-5637,runattr,,,experiment,PureAlohaExperiment,,,,,,,,,
PureAlohaExperiment-95-20210531-16:31:23-5637,runattr,,,inifile,omnetpp.ini,,,,,,,,,
PureAlohaExperiment-95-20210531-16:31:23-5637,runattr,,,iterationvars,"$numHosts=50, $iaMean=10",,,,,,,,,
PureAlohaExperiment-95-20210531-16:31:23-5637,runattr,,,iterationvarsf,"numHosts=50,iaMean=10-",,,,,,,,,
PureAlohaExperiment-95-20210531-16:31:23-5637,runattr,,,measurement,"$numHosts=50, $iaMean=10",,,,,,,,,
PureAlohaExperiment-95-20210531-16:31:23-5637,runattr,,,network,Aloha,,,,,,,,,
PureAlohaExperiment-95-20210531-16:31:23-5637,runattr,,,processid,5637,,,,,,,,,
PureAlohaExperiment-95-20210531-16:31:23-5637,runattr,,,repetition,1,,,,,,,,,
PureAlohaExperiment-95-20210531-16:31:23-5637,runattr,,,replication,#1,,,,,,,,,
PureAlohaExperiment-95-20210531-16:31:23-5637,runattr,,,resultdir,results,,,,,,,,,
PureAlohaExperiment-95-20210531-16:31:23-5637,runattr,,,runnumber,95,,,,,,,,,
PureAlohaExperiment-95-20210531-16:31:23-5637,runattr,,,seedset,95,,,,,,,,,
PureAlohaExperiment-95-20210531-16:31:23-5637,itervar,,,iaMean,10,,,,,,,,,
PureAlohaExperiment-95-20210531-16:31:23-5637,itervar,,,numHosts,50,,,,,,,,,
PureAlohaExperiment-95-20210531-16:31:23-5637,param,,,Aloha.numHosts,50,,,,,,,,,
PureAlohaExperiment-95-20210531-16:31:23-5637,param,,,Aloha.host[*].iaTime,exponential(10s),,,,,,,,,
PureAlohaExperiment-95-20210531-16:31:23-5637,param,,,Aloha.numHosts,50,,,,,,,,,
PureAlohaExperiment-95-20210531-16:31:23-5637,param,,,Aloha.slotTime,0s,,,,,,,,,
PureAlohaExperiment-95-20210531-16:31:23-5637,param,,,Aloha.txRate,9.6kbps,,,,,,,,,
PureAlohaExperiment-95-20210531-16:31:23-5637,param,,,Aloha.host[*].pkLenBits,952b,,,,,,,,,
PureAlohaExperiment-95-20210531-16:31:23-5637,param,,,**.x,"uniform(0m, 1000m)",,,,,,,,,
PureAlohaExperiment-95-20210531-16:31:23-5637,param,,,**.y,"uniform(0m, 1000m)",,,,,,,,,
PureAlohaExperiment-95-20210531-16:31:23-5637,param,,,**.animationHoldTimeOnCollision,0s,,,,,,,,,
PureAlohaExperiment-95-20210531-16:31:23-5637,param,,,**.idleAnimationSpeed,1,,,,,,,,,
PureAlohaExperiment-95-20210531-16:31:23-5637,param,,,**.transmissionEdgeAnimationSpeed,1e-6,,,,,,,,,
PureAlohaExperiment-95-20210531-16:31:23-5637,param,,,**.midTransmissionAnimationSpeed,1e-1,,,,,,,,,
PureAlohaExperiment-91-20210531-16:28:04-5637,runattr,,,configname,PureAlohaExperiment,,,,,,,,,
PureAlohaExperiment-91-20210531-16:28:04-5637,runattr,,,datetime,20210531-16:28:04,,,,,,,,,
PureAlohaExperiment-91-20210531-16:28:04-5637,runattr,,,experiment,PureAlohaExperiment,,,,,,,,,
PureAlohaExperiment-91-20210531-16:28:04-5637,runattr,,,inifile,omnetpp.ini,,,,,,,,,
PureAlohaExperiment-91-20210531-16:28:04-5637,runattr,,,iterationvars,"$numHosts=50, $iaMean=1",,,,,,,,,
PureAlohaExperiment-91-20210531-16:28:04-5637,runattr,,,iterationvarsf,"numHosts=50,iaMean=1-",,,,,,,,,
PureAlohaExperiment-91-20210531-16:28:04-5637,runattr,,,measurement,"$numHosts=50, $iaMean=1",,,,,,,,,
PureAlohaExperiment-91-20210531-16:28:04-5637,runattr,,,network,Aloha,,,,,,,,,
PureAlohaExperiment-91-20210531-16:28:04-5637,runattr,,,processid,5637,,,,,,,,,
PureAlohaExperiment-91-20210531-16:28:04-5637,runattr,,,repetition,1,,,,,,,,,
PureAlohaExperiment-91-20210531-16:28:04-5637,runattr,,,replication,#1,,,,,,,,,
PureAlohaExperiment-91-20210531-16:28:04-5637,runattr,,,resultdir,results,,,,,,,,,
PureAlohaExperiment-91-20210531-16:28:04-5637,runattr,,,runnumber,91,,,,,,,,,
PureAlohaExperiment-91-20210531-16:28:04-5637,runattr,,,seedset,91,,,,,,,,,
PureAlohaExperiment-91-20210531-16:28:04-5637,itervar,,,iaMean,1,,,,,,,,,
PureAlohaExperiment-91-20210531-16:28:04-5637,itervar,,,numHosts,50,,,,,,,,,
PureAlohaExperiment-91-20210531-16:28:04-5637,param,,,Aloha.numHosts,50,,,,,,,,,
PureAlohaExperiment-91-20210531-16:28:04-5637,param,,,Aloha.host[*].iaTime,exponential(1s),,,,,,,,,
PureAlohaExperiment-91-20210531-16:28:04-5637,param,,,Aloha.numHosts,50,,,,,,,,,
PureAlohaExperiment-91-20210531-16:28:04-5637,param,,,Aloha.slotTime,0s,,,,,,,,,
PureAlohaExperiment-91-20210531-16:28:04-5637,param,,,Aloha.txRate,9.6kbps,,,,,,,,,
PureAlohaExperiment-91-20210531-16:28:04-5637,param,,,Aloha.host[*].pkLenBits,952b,,,,,,,,,
PureAlohaExperiment-91-20210531-16:28:04-5637,param,,,**.x,"uniform(0m, 1000m)",,,,,,,,,
PureAlohaExperiment-91-20210531-16:28:04-5637,param,,,**.y,"uniform(0m, 1000m)",,,,,,,,,
PureAlohaExperiment-91-20210531-16:28:04-5637,param,,,**.animationHoldTimeOnCollision,0s,,,,,,,,,
PureAlohaExperiment-91-20210531-16:28:04-5637,param,,,**.idleAnimationSpeed,1,,,,,,,,,
PureAlohaExperiment-91-20210531-16:28:04-5637,param,,,**.transmissionEdgeAnimationSpeed,1e-6,,,,,,,,,
PureAlohaExperiment-91-20210531-16:28:04-5637,param,,,**.midTransmissionAnimationSpeed,1e-1,,,,,,,,,
PureAlohaExperiment-69-20210531-16:17:59-5338,runattr,,,configname,PureAlohaExperiment,,,,,,,,,
PureAlohaExperiment-69-20210531-16:17:59-5338,runattr,,,datetime,20210531-16:17:59,,,,,,,,,
PureAlohaExperiment-69-20210531-16:17:59-5338,runattr,,,experiment,PureAlohaExperiment,,,,,,,,,
PureAlohaExperiment-69-20210531-16:17:59-5338,runattr,,,inifile,omnetpp.ini,,,,,,,,,
PureAlohaExperiment-69-20210531-16:17:59-5338,runattr,,,iterationvars,"$numHosts=50, $iaMean=121",,,,,,,,,
PureAlohaExperiment-69-20210531-16:17:59-5338,runattr,,,iterationvarsf,"numHosts=50,iaMean=121-",,,,,,,,,
PureAlohaExperiment-69-20210531-16:17:59-5338,runattr,,,measurement,"$numHosts=50, $iaMean=121",,,,,,,,,
PureAlohaExperiment-69-20210531-16:17:59-5338,runattr,,,network,Aloha,,,,,,,,,
PureAlohaExperiment-69-20210531-16:17:59-5338,runattr,,,processid,5338,,,,,,,,,
PureAlohaExperiment-69-20210531-16:17:59-5338,runattr,,,repetition,1,,,,,,,,,
PureAlohaExperiment-69-20210531-16:17:59-5338,runattr,,,replication,#1,,,,,,,,,
PureAlohaExperiment-69-20210531-16:17:59-5338,runattr,,,resultdir,results,,,,,,,,,
PureAlohaExperiment-69-20210531-16:17:59-5338,runattr,,,runnumber,69,,,,,,,,,
PureAlohaExperiment-69-20210531-16:17:59-5338,runattr,,,seedset,69,,,,,,,,,
PureAlohaExperiment-69-20210531-16:17:59-5338,itervar,,,iaMean,121,,,,,,,,,
PureAlohaExperiment-69-20210531-16:17:59-5338,itervar,,,numHosts,50,,,,,,,,,
PureAlohaExperiment-69-20210531-16:17:59-5338,param,,,Aloha.numHosts,50,,,,,,,,,
PureAlohaExperiment-69-20210531-16:17:59-5338,param,,,Aloha.host[*].iaTime,exponential(121s),,,,,,,,,
PureAlohaExperiment-69-20210531-16:17:59-5338,param,,,Aloha.numHosts,50,,,,,,,,,
PureAlohaExperiment-69-20210531-16:17:59-5338,param,,,Aloha.slotTime,0s,,,,,,,,,
PureAlohaExperiment-69-20210531-16:17:59-5338,param,,,Aloha.txRate,9.6kbps,,,,,,,,,
PureAlohaExperiment-69-20210531-16:17:59-5338,param,,,Aloha.host[*].pkLenBits,952b,,,,,,,,,
PureAlohaExperiment-69-20210531-16:17:59-5338,param,,,**.x,"uniform(0m, 1000m)",,,,,,,,,
PureAlohaExperiment-69-20210531-16:17:59-5338,param,,,**.y,"uniform(0m, 1000m)",,,,,,,,,
PureAlohaExperiment-69-20210531-16:17:59-5338,param,,,**.animationHoldTimeOnCollision,0s,,,,,,,,,
PureAlohaExperiment-69-20210531-16:17:59-5338,param,,,**.idleAnimationSpeed,1,,,,,,,,,
PureAlohaExperiment-69-20210531-16:17:59-5338,param,,,**.transmissionEdgeAnimationSpeed,1e-6,,,,,,,,,
PureAlohaExperiment-69-20210531-16:17:59-5338,param,,,**.midTransmissionAnimationSpeed,1e-1,,,,,,,,,
PureAlohaExperiment-71-20210531-16:23:58-5338,runattr,,,configname,PureAlohaExperiment,,,,,,,,,
PureAlohaExperiment-71-20210531-16:23:58-5338,runattr,,,datetime,20210531-16:23:58,,,,,,,,,
PureAlohaExperiment-71-20210531-16:23:58-5338,runattr,,,experiment,PureAlohaExperiment,,,,,,,,,
PureAlohaExperiment-71-20210531-16:23:58-5338,runattr,,,inifile,omnetpp.ini,,,,,,,,,
PureAlohaExperiment-71-20210531-16:23:58-5338,runattr,,,iterationvars,"$numHosts=50, $iaMean=151",,,,,,,,,
PureAlohaExperiment-71-20210531-16:23:58-5338,runattr,,,iterationvarsf,"numHosts=50,iaMean=151-",,,,,,,,,
PureAlohaExperiment-71-20210531-16:23:58-5338,runattr,,,measurement,"$numHosts=50, $iaMean=151",,,,,,,,,
PureAlohaExperiment-71-20210531-16:23:58-5338,runattr,,,network,Aloha,,,,,,,,,
PureAlohaExperiment-71-20210531-16:23:58-5338,runattr,,,processid,5338,,,,,,,,,
PureAlohaExperiment-71-20210531-16:23:58-5338,runattr,,,repetition,1,,,,,,,,,
PureAlohaExperiment-71-20210531-16:23:58-5338,runattr,,,replication,#1,,,,,,,,,
PureAlohaExperiment-71-20210531-16:23:58-5338,runattr,,,resultdir,results,,,,,,,,,
PureAlohaExperiment-71-20210531-16:23:58-5338,runattr,,,runnumber,71,,,,,,,,,
PureAlohaExperiment-71-20210531-16:23:58-5338,runattr,,,seedset,71,,,,,,,,,
PureAlohaExperiment-71-20210531-16:23:58-5338,itervar,,,iaMean,151,,,,,,,,,
PureAlohaExperiment-71-20210531-16:23:58-5338,itervar,,,numHosts,50,,,,,,,,,
PureAlohaExperiment-71-20210531-16:23:58-5338,param,,,Aloha.numHosts,50,,,,,,,,,
PureAlohaExperiment-71-20210531-16:23:58-5338,param,,,Aloha.host[*].iaTime,exponential(151s),,,,,,,,,
PureAlohaExperiment-71-20210531-16:23:58-5338,param,,,Aloha.numHosts,50,,,,,,,,,
PureAlohaExperiment-71-20210531-16:23:58-5338,param,,,Aloha.slotTime,0s,,,,,,,,,
PureAlohaExperiment-71-20210531-16:23:58-5338,param,,,Aloha.txRate,9.6kbps,,,,,,,,,
PureAlohaExperiment-71-20210531-16:23:58-5338,param,,,Aloha.host[*].pkLenBits,952b,,,,,,,,,
PureAlohaExperiment-71-20210531-16:23:58-5338,param,,,**.x,"uniform(0m, 1000m)",,,,,,,,,
PureAlohaExperiment-71-20210531-16:23:58-5338,param,,,**.y,"uniform(0m, 1000m)",,,,,,,,,
PureAlohaExperiment-71-20210531-16:23:58-5338,param,,,**.animationHoldTimeOnCollision,0s,,,,,,,,,
PureAlohaExperiment-71-20210531-16:23:58-5338,param,,,**.idleAnimationSpeed,1,,,,,,,,,
PureAlohaExperiment-71-20210531-16:23:58-5338,param,,,**.transmissionEdgeAnimationSpeed,1e-6,,,,,,,,,
PureAlohaExperiment-71-20210531-16:23:58-5338,param,,,**.midTransmissionAnimationSpeed,1e-1,,,,,,,,,
PureAlohaExperiment-97-20210531-16:31:31-5637,runattr,,,configname,PureAlohaExperiment,,,,,,,,,
PureAlohaExperiment-97-20210531-16:31:31-5637,runattr,,,datetime,20210531-16:31:31,,,,,,,,,
PureAlohaExperiment-97-20210531-16:31:31-5637,runattr,,,experiment,PureAlohaExperiment,,,,,,,,,
PureAlohaExperiment-97-20210531-16:31:31-5637,runattr,,,inifile,omnetpp.ini,,,,,,,,,
PureAlohaExperiment-97-20210531-16:31:31-5637,runattr,,,iterationvars,"$numHosts=50, $iaMean=15",,,,,,,,,
PureAlohaExperiment-97-20210531-16:31:31-5637,runattr,,,iterationvarsf,"numHosts=50,iaMean=15-",,,,,,,,,
PureAlohaExperiment-97-20210531-16:31:31-5637,runattr,,,measurement,"$numHosts=50, $iaMean=15",,,,,,,,,
PureAlohaExperiment-97-20210531-16:31:31-5637,runattr,,,network,Aloha,,,,,,,,,
PureAlohaExperiment-97-20210531-16:31:31-5637,runattr,,,processid,5637,,,,,,,,,
PureAlohaExperiment-97-20210531-16:31:31-5637,runattr,,,repetition,1,,,,,,,,,
PureAlohaExperiment-97-20210531-16:31:31-5637,runattr,,,replication,#1,,,,,,,,,
PureAlohaExperiment-97-20210531-16:31:31-5637,runattr,,,resultdir,results,,,,,,,,,
PureAlohaExperiment-97-20210531-16:31:31-5637,runattr,,,runnumber,97,,,,,,,,,
PureAlohaExperiment-97-20210531-16:31:31-5637,runattr,,,seedset,97,,,,,,,,,
PureAlohaExperiment-97-20210531-16:31:31-5637,itervar,,,iaMean,15,,,,,,,,,
PureAlohaExperiment-97-20210531-16:31:31-5637,itervar,,,numHosts,50,,,,,,,,,
PureAlohaExperiment-97-20210531-16:31:31-5637,param,,,Aloha.numHosts,50,,,,,,,,,
PureAlohaExperiment-97-20210531-16:31:31-5637,param,,,Aloha.host[*].iaTime,exponential(15s),,,,,,,,,
PureAlohaExperiment-97-20210531-16:31:31-5637,param,,,Aloha.numHosts,50,,,,,,,,,
PureAlohaExperiment-97-20210531-16:31:31-5637,param,,,Aloha.slotTime,0s,,,,,,,,,
PureAlohaExperiment-97-20210531-16:31:31-5637,param,,,Aloha.txRate,9.6kbps,,,,,,,,,
PureAlohaExperiment-97-20210531-16:31:31-5637,param,,,Aloha.host[*].pkLenBits,952b,,,,,,,,,
PureAlohaExperiment-97-20210531-16:31:31-5637,param,,,**.x,"uniform(0m, 1000m)",,,,,,,,,
PureAlohaExperiment-97-20210531-16:31:31-5637,param,,,**.y,"uniform(0m, 1000m)",,,,,,,,,
PureAlohaExperiment-97-20210531-16:31:31-5637,param,,,**.animationHoldTimeOnCollision,0s,,,,,,,,,
PureAlohaExperiment-97-20210531-16:31:31-5637,param,,,**.idleAnimationSpeed,1,,,,,,,,,
PureAlohaExperiment-97-20210531-16:31:31-5637,param,,,**.transmissionEdgeAnimationSpeed,1e-6,,,,,,,,,
PureAlohaExperiment-97-20210531-16:31:31-5637,param,,,**.midTransmissionAnimationSpeed,1e-1,,,,,,,,,
PureAlohaExperiment-73-20210531-16:23:49-5338,runattr,,,configname,PureAlohaExperiment,,,,,,,,,
PureAlohaExperiment-73-20210531-16:23:49-5338,runattr,,,datetime,20210531-16:23:49,,,,,,,,,
PureAlohaExperiment-73-20210531-16:23:49-5338,runattr,,,experiment,PureAlohaExperiment,,,,,,,,,
PureAlohaExperiment-73-20210531-16:23:49-5338,runattr,,,inifile,omnetpp.ini,,,,,,,,,
PureAlohaExperiment-73-20210531-16:23:49-5338,runattr,,,iterationvars,"$numHosts=50, $iaMean=181",,,,,,,,,
PureAlohaExperiment-73-20210531-16:23:49-5338,runattr,,,iterationvarsf,"numHosts=50,iaMean=181-",,,,,,,,,
PureAlohaExperiment-73-20210531-16:23:49-5338,runattr,,,measurement,"$numHosts=50, $iaMean=181",,,,,,,,,
PureAlohaExperiment-73-20210531-16:23:49-5338,runattr,,,network,Aloha,,,,,,,,,
PureAlohaExperiment-73-20210531-16:23:49-5338,runattr,,,processid,5338,,,,,,,,,
PureAlohaExperiment-73-20210531-16:23:49-5338,runattr,,,repetition,1,,,,,,,,,
PureAlohaExperiment-73-20210531-16:23:49-5338,runattr,,,replication,#1,,,,,,,,,
PureAlohaExperiment-73-20210531-16:23:49-5338,runattr,,,resultdir,results,,,,,,,,,
PureAlohaExperiment-73-20210531-16:23:49-5338,runattr,,,runnumber,73,,,,,,,,,
PureAlohaExperiment-73-20210531-16:23:49-5338,runattr,,,seedset,73,,,,,,,,,
PureAlohaExperiment-73-20210531-16:23:49-5338,itervar,,,iaMean,181,,,,,,,,,
PureAlohaExperiment-73-20210531-16:23:49-5338,itervar,,,numHosts,50,,,,,,,,,
PureAlohaExperiment-73-20210531-16:23:49-5338,param,,,Aloha.numHosts,50,,,,,,,,,
PureAlohaExperiment-73-20210531-16:23:49-5338,param,,,Aloha.host[*].iaTime,exponential(181s),,,,,,,,,
PureAlohaExperiment-73-20210531-16:23:49-5338,param,,,Aloha.numHosts,50,,,,,,,,,
PureAlohaExperiment-73-20210531-16:23:49-5338,param,,,Aloha.slotTime,0s,,,,,,,,,
PureAlohaExperiment-73-20210531-16:23:49-5338,param,,,Aloha.txRate,9.6kbps,,,,,,,,,
PureAlohaExperiment-73-20210531-16:23:49-5338,param,,,Aloha.host[*].pkLenBits,952b,,,,,,,,,
PureAlohaExperiment-73-20210531-16:23:49-5338,param,,,**.x,"uniform(0m, 1000m)",,,,,,,,,
PureAlohaExperiment-73-20210531-16:23:49-5338,param,,,**.y,"uniform(0m, 1000m)",,,,,,,,,
PureAlohaExperiment-73-20210531-16:23:49-5338,param,,,**.animationHoldTimeOnCollision,0s,,,,,,,,,
PureAlohaExperiment-73-20210531-16:23:49-5338,param,,,**.idleAnimationSpeed,1,,,,,,,,,
PureAlohaExperiment-73-20210531-16:23:49-5338,param,,,**.transmissionEdgeAnimationSpeed,1e-6,,,,,,,,,
PureAlohaExperiment-73-20210531-16:23:49-5338,param,,,**.midTransmissionAnimationSpeed,1e-1,,,,,,,,,
PureAlohaExperiment-99-20210531-16:31:43-5637,runattr,,,configname,PureAlohaExperiment,,,,,,,,,
PureAlohaExperiment-99-20210531-16:31:43-5637,runattr,,,datetime,20210531-16:31:43,,,,,,,,,
PureAlohaExperiment-99-20210531-16:31:43-5637,runattr,,,experiment,PureAlohaExperiment,,,,,,,,,
PureAlohaExperiment-99-20210531-16:31:43-5637,runattr,,,inifile,omnetpp.ini,,,,,,,,,
PureAlohaExperiment-99-20210531-16:31:43-5637,runattr,,,iterationvars,"$numHosts=50, $iaMean=20",,,,,,,,,
PureAlohaExperiment-99-20210531-16:31:43-5637,runattr,,,iterationvarsf,"numHosts=50,iaMean=20-",,,,,,,,,
PureAlohaExperiment-99-20210531-16:31:43-5637,runattr,,,measurement,"$numHosts=50, $iaMean=20",,,,,,,,,
PureAlohaExperiment-99-20210531-16:31:43-5637,runattr,,,network,Aloha,,,,,,,,,
PureAlohaExperiment-99-20210531-16:31:43-5637,runattr,,,processid,5637,,,,,,,,,
PureAlohaExperiment-99-20210531-16:31:43-5637,runattr,,,repetition,1,,,,,,,,,
PureAlohaExperiment-99-20210531-16:31:43-5637,runattr,,,replication,#1,,,,,,,,,
PureAlohaExperiment-99-20210531-16:31:43-5637,runattr,,,resultdir,results,,,,,,,,,
PureAlohaExperiment-99-20210531-16:31:43-5637,runattr,,,runnumber,99,,,,,,,,,
PureAlohaExperiment-99-20210531-16:31:43-5637,runattr,,,seedset,99,,,,,,,,,
PureAlohaExperiment-99-20210531-16:31:43-5637,itervar,,,iaMean,20,,,,,,,,,
PureAlohaExperiment-99-20210531-16:31:43-5637,itervar,,,numHosts,50,,,,,,,,,
PureAlohaExperiment-99-20210531-16:31:43-5637,param,,,Aloha.numHosts,50,,,,,,,,,
PureAlohaExperiment-99-20210531-16:31:43-5637,param,,,Aloha.host[*].iaTime,exponential(20s),,,,,,,,,
PureAlohaExperiment-99-20210531-16:31:43-5637,param,,,Aloha.numHosts,50,,,,,,,,,
PureAlohaExperiment-99-20210531-16:31:43-5637,param,,,Aloha.slotTime,0s,,,,,,,,,
PureAlohaExperiment-99-20210531-16:31:43-5637,param,,,Aloha.txRate,9.6kbps,,,,,,,,,
PureAlohaExperiment-99-20210531-16:31:43-5637,param,,,Aloha.host[*].pkLenBits,952b,,,,,,,,,
PureAlohaExperiment-99-20210531-16:31:43-5637,param,,,**.x,"uniform(0m, 1000m)",,,,,,,,,
PureAlohaExperiment-99-20210531-16:31:43-5637,param,,,**.y,"uniform(0m, 1000m)",,,,,,,,,
PureAlohaExperiment-99-20210531-16:31:43-5637,param,,,**.animationHoldTimeOnCollision,0s,,,,,,,,,
PureAlohaExperiment-99-20210531-16:31:43-5637,param,,,**.idleAnimationSpeed,1,,,,,,,,,
PureAlohaExperiment-99-20210531-16:31:43-5637,param,,,**.transmissionEdgeAnimationSpeed,1e-6,,,,,,,,,
PureAlohaExperiment-99-20210531-16:31:43-5637,param,,,**.midTransmissionAnimationSpeed,1e-1,,,,,,,,,
PureAlohaExperiment-75-20210531-16:23:37-5338,runattr,,,configname,PureAlohaExperiment,,,,,,,,,
PureAlohaExperiment-75-20210531-16:23:37-5338,runattr,,,datetime,20210531-16:23:37,,,,,,,,,
PureAlohaExperiment-75-20210531-16:23:37-5338,runattr,,,experiment,PureAlohaExperiment,,,,,,,,,
PureAlohaExperiment-75-20210531-16:23:37-5338,runattr,,,inifile,omnetpp.ini,,,,,,,,,
PureAlohaExperiment-75-20210531-16:23:37-5338,runattr,,,iterationvars,"$numHosts=50, $iaMean=211",,,,,,,,,
PureAlohaExperiment-75-20210531-16:23:37-5338,runattr,,,iterationvarsf,"numHosts=50,iaMean=211-",,,,,,,,,
PureAlohaExperiment-75-20210531-16:23:37-5338,runattr,,,measurement,"$numHosts=50, $iaMean=211",,,,,,,,,
PureAlohaExperiment-75-20210531-16:23:37-5338,runattr,,,network,Aloha,,,,,,,,,
PureAlohaExperiment-75-20210531-16:23:37-5338,runattr,,,processid,5338,,,,,,,,,
PureAlohaExperiment-75-20210531-16:23:37-5338,runattr,,,repetition,1,,,,,,,,,
PureAlohaExperiment-75-20210531-16:23:37-5338,runattr,,,replication,#1,,,,,,,,,
PureAlohaExperiment-75-20210531-16:23:37-5338,runattr,,,resultdir,results,,,,,,,,,
PureAlohaExperiment-75-20210531-16:23:37-5338,runattr,,,runnumber,75,,,,,,,,,
PureAlohaExperiment-75-20210531-16:23:37-5338,runattr,,,seedset,75,,,,,,,,,
PureAlohaExperiment-75-20210531-16:23:37-5338,itervar,,,iaMean,211,,,,,,,,,
PureAlohaExperiment-75-20210531-16:23:37-5338,itervar,,,numHosts,50,,,,,,,,,
PureAlohaExperiment-75-20210531-16:23:37-5338,param,,,Aloha.numHosts,50,,,,,,,,,
PureAlohaExperiment-75-20210531-16:23:37-5338,param,,,Aloha.host[*].iaTime,exponential(211s),,,,,,,,,
PureAlohaExperiment-75-20210531-16:23:37-5338,param,,,Aloha.numHosts,50,,,,,,,,,
PureAlohaExperiment-75-20210531-16:23:37-5338,param,,,Aloha.slotTime,0s,,,,,,,,,
PureAlohaExperiment-75-20210531-16:23:37-5338,param,,,Aloha.txRate,9.6kbps,,,,,,,,,
PureAlohaExperiment-75-20210531-16:23:37-5338,param,,,Aloha.host[*].pkLenBits,952b,,,,,,,,,
PureAlohaExperiment-75-20210531-16:23:37-5338,param,,,**.x,"uniform(0m, 1000m)",,,,,,,,,
PureAlohaExperiment-75-20210531-16:23:37-5338,param,,,**.y,"uniform(0m, 1000m)",,,,,,,,,
PureAlohaExperiment-75-20210531-16:23:37-5338,param,,,**.animationHoldTimeOnCollision,0s,,,,,,,,,
PureAlohaExperiment-75-20210531-16:23:37-5338,param,,,**.idleAnimationSpeed,1,,,,,,,,,
PureAlohaExperiment-75-20210531-16:23:37-5338,param,,,**.transmissionEdgeAnimationSpeed,1e-6,,,,,,,,,
PureAlohaExperiment-75-20210531-16:23:37-5338,param,,,**.midTransmissionAnimationSpeed,1e-1,,,,,,,,,
PureAlohaExperiment-77-20210531-16:23:23-5338,runattr,,,configname,PureAlohaExperiment,,,,,,,,,
PureAlohaExperiment-77-20210531-16:23:23-5338,runattr,,,datetime,20210531-16:23:23,,,,,,,,,
PureAlohaExperiment-77-20210531-16:23:23-5338,runattr,,,experiment,PureAlohaExperiment,,,,,,,,,
PureAlohaExperiment-77-20210531-16:23:23-5338,runattr,,,inifile,omnetpp.ini,,,,,,,,,
PureAlohaExperiment-77-20210531-16:23:23-5338,runattr,,,iterationvars,"$numHosts=50, $iaMean=241",,,,,,,,,
PureAlohaExperiment-77-20210531-16:23:23-5338,runattr,,,iterationvarsf,"numHosts=50,iaMean=241-",,,,,,,,,
PureAlohaExperiment-77-20210531-16:23:23-5338,runattr,,,measurement,"$numHosts=50, $iaMean=241",,,,,,,,,
PureAlohaExperiment-77-20210531-16:23:23-5338,runattr,,,network,Aloha,,,,,,,,,
PureAlohaExperiment-77-20210531-16:23:23-5338,runattr,,,processid,5338,,,,,,,,,
PureAlohaExperiment-77-20210531-16:23:23-5338,runattr,,,repetition,1,,,,,,,,,
PureAlohaExperiment-77-20210531-16:23:23-5338,runattr,,,replication,#1,,,,,,,,,
PureAlohaExperiment-77-20210531-16:23:23-5338,runattr,,,resultdir,results,,,,,,,,,
PureAlohaExperiment-77-20210531-16:23:23-5338,runattr,,,runnumber,77,,,,,,,,,
PureAlohaExperiment-77-20210531-16:23:23-5338,runattr,,,seedset,77,,,,,,,,,
PureAlohaExperiment-77-20210531-16:23:23-5338,itervar,,,iaMean,241,,,,,,,,,
PureAlohaExperiment-77-20210531-16:23:23-5338,itervar,,,numHosts,50,,,,,,,,,
PureAlohaExperiment-77-20210531-16:23:23-5338,param,,,Aloha.numHosts,50,,,,,,,,,
PureAlohaExperiment-77-20210531-16:23:23-5338,param,,,Aloha.host[*].iaTime,exponential(241s),,,,,,,,,
PureAlohaExperiment-77-20210531-16:23:23-5338,param,,,Aloha.numHosts,50,,,,,,,,,
PureAlohaExperiment-77-20210531-16:23:23-5338,param,,,Aloha.slotTime,0s,,,,,,,,,
PureAlohaExperiment-77-20210531-16:23:23-5338,param,,,Aloha.txRate,9.6kbps,,,,,,,,,
PureAlohaExperiment-77-20210531-16:23:23-5338,param,,,Aloha.host[*].pkLenBits,952b,,,,,,,,,
PureAlohaExperiment-77-20210531-16:23:23-5338,param,,,**.x,"uniform(0m, 1000m)",,,,,,,,,
PureAlohaExperiment-77-20210531-16:23:23-5338,param,,,**.y,"uniform(0m, 1000m)",,,,,,,,,
PureAlohaExperiment-77-20210531-16:23:23-5338,param,,,**.animationHoldTimeOnCollision,0s,,,,,,,,,
PureAlohaExperiment-77-20210531-16:23:23-5338,param,,,**.idleAnimationSpeed,1,,,,,,,,,
PureAlohaExperiment-77-20210531-16:23:23-5338,param,,,**.transmissionEdgeAnimationSpeed,1e-6,,,,,,,,,
PureAlohaExperiment-77-20210531-16:23:23-5338,param,,,**.midTransmissionAnimationSpeed,1e-1,,,,,,,,,
PureAlohaExperiment-101-20210531-16:31:51-5637,runattr,,,configname,PureAlohaExperiment,,,,,,,,,
PureAlohaExperiment-101-20210531-16:31:51-5637,runattr,,,datetime,20210531-16:31:51,,,,,,,,,
PureAlohaExperiment-101-20210531-16:31:51-5637,runattr,,,experiment,PureAlohaExperiment,,,,,,,,,
PureAlohaExperiment-101-20210531-16:31:51-5637,runattr,,,inifile,omnetpp.ini,,,,,,,,,
PureAlohaExperiment-101-20210531-16:31:51-5637,runattr,,,iterationvars,"$numHosts=50, $iaMean=25",,,,,,,,,
PureAlohaExperiment-101-20210531-16:31:51-5637,runattr,,,iterationvarsf,"numHosts=50,iaMean=25-",,,,,,,,,
PureAlohaExperiment-101-20210531-16:31:51-5637,runattr,,,measurement,"$numHosts=50, $iaMean=25",,,,,,,,,
PureAlohaExperiment-101-20210531-16:31:51-5637,runattr,,,network,Aloha,,,,,,,,,
PureAlohaExperiment-101-20210531-16:31:51-5637,runattr,,,processid,5637,,,,,,,,,
PureAlohaExperiment-101-20210531-16:31:51-5637,runattr,,,repetition,1,,,,,,,,,
PureAlohaExperiment-101-20210531-16:31:51-5637,runattr,,,replication,#1,,,,,,,,,
PureAlohaExperiment-101-20210531-16:31:51-5637,runattr,,,resultdir,results,,,,,,,,,
PureAlohaExperiment-101-20210531-16:31:51-5637,runattr,,,runnumber,101,,,,,,,,,
PureAlohaExperiment-101-20210531-16:31:51-5637,runattr,,,seedset,101,,,,,,,,,
PureAlohaExperiment-101-20210531-16:31:51-5637,itervar,,,iaMean,25,,,,,,,,,
PureAlohaExperiment-101-20210531-16:31:51-5637,itervar,,,numHosts,50,,,,,,,,,
PureAlohaExperiment-101-20210531-16:31:51-5637,param,,,Aloha.numHosts,50,,,,,,,,,
PureAlohaExperiment-101-20210531-16:31:51-5637,param,,,Aloha.host[*].iaTime,exponential(25s),,,,,,,,,
PureAlohaExperiment-101-20210531-16:31:51-5637,param,,,Aloha.numHosts,50,,,,,,,,,
PureAlohaExperiment-101-20210531-16:31:51-5637,param,,,Aloha.slotTime,0s,,,,,,,,,
PureAlohaExperiment-101-20210531-16:31:51-5637,param,,,Aloha.txRate,9.6kbps,,,,,,,,,
PureAlohaExperiment-101-20210531-16:31:51-5637,param,,,Aloha.host[*].pkLenBits,952b,,,,,,,,,
PureAlohaExperiment-101-20210531-16:31:51-5637,param,,,**.x,"uniform(0m, 1000m)",,,,,,,,,
PureAlohaExperiment-101-20210531-16:31:51-5637,param,,,**.y,"uniform(0m, 1000m)",,,,,,,,,
PureAlohaExperiment-101-20210531-16:31:51-5637,param,,,**.animationHoldTimeOnCollision,0s,,,,,,,,,
PureAlohaExperiment-101-20210531-16:31:51-5637,param,,,**.idleAnimationSpeed,1,,,,,,,,,
PureAlohaExperiment-101-20210531-16:31:51-5637,param,,,**.transmissionEdgeAnimationSpeed,1e-6,,,,,,,,,
PureAlohaExperiment-101-20210531-16:31:51-5637,param,,,**.midTransmissionAnimationSpeed,1e-1,,,,,,,,,
PureAlohaExperiment-79-20210531-16:18:44-5338,runattr,,,configname,PureAlohaExperiment,,,,,,,,,
PureAlohaExperiment-79-20210531-16:18:44-5338,runattr,,,datetime,20210531-16:18:44,,,,,,,,,
PureAlohaExperiment-79-20210531-16:18:44-5338,runattr,,,experiment,PureAlohaExperiment,,,,,,,,,
PureAlohaExperiment-79-20210531-16:18:44-5338,runattr,,,inifile,omnetpp.ini,,,,,,,,,
PureAlohaExperiment-79-20210531-16:18:44-5338,runattr,,,iterationvars,"$numHosts=50, $iaMean=271",,,,,,,,,
PureAlohaExperiment-79-20210531-16:18:44-5338,runattr,,,iterationvarsf,"numHosts=50,iaMean=271-",,,,,,,,,
PureAlohaExperiment-79-20210531-16:18:44-5338,runattr,,,measurement,"$numHosts=50, $iaMean=271",,,,,,,,,
PureAlohaExperiment-79-20210531-16:18:44-5338,runattr,,,network,Aloha,,,,,,,,,
PureAlohaExperiment-79-20210531-16:18:44-5338,runattr,,,processid,5338,,,,,,,,,
PureAlohaExperiment-79-20210531-16:18:44-5338,runattr,,,repetition,1,,,,,,,,,
PureAlohaExperiment-79-20210531-16:18:44-5338,runattr,,,replication,#1,,,,,,,,,
PureAlohaExperiment-79-20210531-16:18:44-5338,runattr,,,resultdir,results,,,,,,,,,
PureAlohaExperiment-79-20210531-16:18:44-5338,runattr,,,runnumber,79,,,,,,,,,
PureAlohaExperiment-79-20210531-16:18:44-5338,runattr,,,seedset,79,,,,,,,,,
PureAlohaExperiment-79-20210531-16:18:44-5338,itervar,,,iaMean,271,,,,,,,,,
PureAlohaExperiment-79-20210531-16:18:44-5338,itervar,,,numHosts,50,,,,,,,,,
PureAlohaExperiment-79-20210531-16:18:44-5338,param,,,Aloha.numHosts,50,,,,,,,,,
PureAlohaExperiment-79-20210531-16:18:44-5338,param,,,Aloha.host[*].iaTime,exponential(271s),,,,,,,,,
PureAlohaExperiment-79-20210531-16:18:44-5338,param,,,Aloha.numHosts,50,,,,,,,,,
PureAlohaExperiment-79-20210531-16:18:44-5338,param,,,Aloha.slotTime,0s,,,,,,,,,
PureAlohaExperiment-79-20210531-16:18:44-5338,param,,,Aloha.txRate,9.6kbps,,,,,,,,,
PureAlohaExperiment-79-20210531-16:18:44-5338,param,,,Aloha.host[*].pkLenBits,952b,,,,,,,,,
PureAlohaExperiment-79-20210531-16:18:44-5338,param,,,**.x,"uniform(0m, 1000m)",,,,,,,,,
PureAlohaExperiment-79-20210531-16:18:44-5338,param,,,**.y,"uniform(0m, 1000m)",,,,,,,,,
PureAlohaExperiment-79-20210531-16:18:44-5338,param,,,**.animationHoldTimeOnCollision,0s,,,,,,,,,
PureAlohaExperiment-79-20210531-16:18:44-5338,param,,,**.idleAnimationSpeed,1,,,,,,,,,
PureAlohaExperiment-79-20210531-16:18:44-5338,param,,,**.transmissionEdgeAnimationSpeed,1e-6,,,,,,,,,
PureAlohaExperiment-79-20210531-16:18:44-5338,param,,,**.midTransmissionAnimationSpeed,1e-1,,,,,,,,,
PureAlohaExperiment-63-20210531-16:15:02-5386,runattr,,,configname,PureAlohaExperiment,,,,,,,,,
PureAlohaExperiment-63-20210531-16:15:02-5386,runattr,,,datetime,20210531-16:15:02,,,,,,,,,
PureAlohaExperiment-63-20210531-16:15:02-5386,runattr,,,experiment,PureAlohaExperiment,,,,,,,,,
PureAlohaExperiment-63-20210531-16:15:02-5386,runattr,,,inifile,omnetpp.ini,,,,,,,,,
PureAlohaExperiment-63-20210531-16:15:02-5386,runattr,,,iterationvars,"$numHosts=50, $iaMean=31",,,,,,,,,
PureAlohaExperiment-63-20210531-16:15:02-5386,runattr,,,iterationvarsf,"numHosts=50,iaMean=31-",,,,,,,,,
PureAlohaExperiment-63-20210531-16:15:02-5386,runattr,,,measurement,"$numHosts=50, $iaMean=31",,,,,,,,,
PureAlohaExperiment-63-20210531-16:15:02-5386,runattr,,,network,Aloha,,,,,,,,,
PureAlohaExperiment-63-20210531-16:15:02-5386,runattr,,,processid,5386,,,,,,,,,
PureAlohaExperiment-63-20210531-16:15:02-5386,runattr,,,repetition,1,,,,,,,,,
PureAlohaExperiment-63-20210531-16:15:02-5386,runattr,,,replication,#1,,,,,,,,,
PureAlohaExperiment-63-20210531-16:15:02-5386,runattr,,,resultdir,results,,,,,,,,,
PureAlohaExperiment-63-20210531-16:15:02-5386,runattr,,,runnumber,63,,,,,,,,,
PureAlohaExperiment-63-20210531-16:15:02-5386,runattr,,,seedset,63,,,,,,,,,
PureAlohaExperiment-63-20210531-16:15:02-5386,itervar,,,iaMean,31,,,,,,,,,
PureAlohaExperiment-63-20210531-16:15:02-5386,itervar,,,numHosts,50,,,,,,,,,
PureAlohaExperiment-63-20210531-16:15:02-5386,param,,,Aloha.numHosts,50,,,,,,,,,
PureAlohaExperiment-63-20210531-16:15:02-5386,param,,,Aloha.host[*].iaTime,exponential(31s),,,,,,,,,
PureAlohaExperiment-63-20210531-16:15:02-5386,param,,,Aloha.numHosts,50,,,,,,,,,
PureAlohaExperiment-63-20210531-16:15:02-5386,param,,,Aloha.slotTime,0s,,,,,,,,,
PureAlohaExperiment-63-20210531-16:15:02-5386,param,,,Aloha.txRate,9.6kbps,,,,,,,,,
PureAlohaExperiment-63-20210531-16:15:02-5386,param,,,Aloha.host[*].pkLenBits,952b,,,,,,,,,
PureAlohaExperiment-63-20210531-16:15:02-5386,param,,,**.x,"uniform(0m, 1000m)",,,,,,,,,
PureAlohaExperiment-63-20210531-16:15:02-5386,param,,,**.y,"uniform(0m, 1000m)",,,,,,,,,
PureAlohaExperiment-63-20210531-16:15:02-5386,param,,,**.animationHoldTimeOnCollision,0s,,,,,,,,,
PureAlohaExperiment-63-20210531-16:15:02-5386,param,,,**.idleAnimationSpeed,1,,,,,,,,,
PureAlohaExperiment-63-20210531-16:15:02-5386,param,,,**.transmissionEdgeAnimationSpeed,1e-6,,,,,,,,,
PureAlohaExperiment-63-20210531-16:15:02-5386,param,,,**.midTransmissionAnimationSpeed,1e-1,,,,,,,,,
PureAlohaExperiment-93-20210531-16:30:01-5637,runattr,,,configname,PureAlohaExperiment,,,,,,,,,
PureAlohaExperiment-93-20210531-16:30:01-5637,runattr,,,datetime,20210531-16:30:01,,,,,,,,,
PureAlohaExperiment-93-20210531-16:30:01-5637,runattr,,,experiment,PureAlohaExperiment,,,,,,,,,
PureAlohaExperiment-93-20210531-16:30:01-5637,runattr,,,inifile,omnetpp.ini,,,,,,,,,
PureAlohaExperiment-93-20210531-16:30:01-5637,runattr,,,iterationvars,"$numHosts=50, $iaMean=5",,,,,,,,,
PureAlohaExperiment-93-20210531-16:30:01-5637,runattr,,,iterationvarsf,"numHosts=50,iaMean=5-",,,,,,,,,
PureAlohaExperiment-93-20210531-16:30:01-5637,runattr,,,measurement,"$numHosts=50, $iaMean=5",,,,,,,,,
PureAlohaExperiment-93-20210531-16:30:01-5637,runattr,,,network,Aloha,,,,,,,,,
PureAlohaExperiment-93-20210531-16:30:01-5637,runattr,,,processid,5637,,,,,,,,,
PureAlohaExperiment-93-20210531-16:30:01-5637,runattr,,,repetition,1,,,,,,,,,
PureAlohaExperiment-93-20210531-16:30:01-5637,runattr,,,replication,#1,,,,,,,,,
PureAlohaExperiment-93-20210531-16:30:01-5637,runattr,,,resultdir,results,,,,,,,,,
PureAlohaExperiment-93-20210531-16:30:01-5637,runattr,,,runnumber,93,,,,,,,,,
PureAlohaExperiment-93-20210531-16:30:01-5637,runattr,,,seedset,93,,,,,,,,,
PureAlohaExperiment-93-20210531-16:30:01-5637,itervar,,,iaMean,5,,,,,,,,,
PureAlohaExperiment-93-20210531-16:30:01-5637,itervar,,,numHosts,50,,,,,,,,,
PureAlohaExperiment-93-20210531-16:30:01-5637,param,,,Aloha.numHosts,50,,,,,,,,,
PureAlohaExperiment-93-20210531-16:30:01-5637,param,,,Aloha.host[*].iaTime,exponential(5s),,,,,,,,,
PureAlohaExperiment-93-20210531-16:30:01-5637,param,,,Aloha.numHosts,50,,,,,,,,,
PureAlohaExperiment-93-20210531-16:30:01-5637,param,,,Aloha.slotTime,0s,,,,,,,,,
PureAlohaExperiment-93-20210531-16:30:01-5637,param,,,Aloha.txRate,9.6kbps,,,,,,,,,
PureAlohaExperiment-93-20210531-16:30:01-5637,param,,,Aloha.host[*].pkLenBits,952b,,,,,,,,,
PureAlohaExperiment-93-20210531-16:30:01-5637,param,,,**.x,"uniform(0m, 1000m)",,,,,,,,,
PureAlohaExperiment-93-20210531-16:30:01-5637,param,,,**.y,"uniform(0m, 1000m)",,,,,,,,,
PureAlohaExperiment-93-20210531-16:30:01-5637,param,,,**.animationHoldTimeOnCollision,0s,,,,,,,,,
PureAlohaExperiment-93-20210531-16:30:01-5637,param,,,**.idleAnimationSpeed,1,,,,,,,,,
PureAlohaExperiment-93-20210531-16:30:01-5637,param,,,**.transmissionEdgeAnimationSpeed,1e-6,,,,,,,,,
PureAlohaExperiment-93-20210531-16:30:01-5637,param,,,**.midTransmissionAnimationSpeed,1e-1,,,,,,,,,
PureAlohaExperiment-64-20210531-16:15:11-5386,runattr,,,configname,PureAlohaExperiment,,,,,,,,,
PureAlohaExperiment-64-20210531-16:15:11-5386,runattr,,,datetime,20210531-16:15:11,,,,,,,,,
PureAlohaExperiment-64-20210531-16:15:11-5386,runattr,,,experiment,PureAlohaExperiment,,,,,,,,,
PureAlohaExperiment-64-20210531-16:15:11-5386,runattr,,,inifile,omnetpp.ini,,,,,,,,,
PureAlohaExperiment-64-20210531-16:15:11-5386,runattr,,,iterationvars,"$numHosts=50, $iaMean=61",,,,,,,,,
PureAlohaExperiment-64-20210531-16:15:11-5386,runattr,,,iterationvarsf,"numHosts=50,iaMean=61-",,,,,,,,,
PureAlohaExperiment-64-20210531-16:15:11-5386,runattr,,,measurement,"$numHosts=50, $iaMean=61",,,,,,,,,
PureAlohaExperiment-64-20210531-16:15:11-5386,runattr,,,network,Aloha,,,,,,,,,
PureAlohaExperiment-64-20210531-16:15:11-5386,runattr,,,processid,5386,,,,,,,,,
PureAlohaExperiment-64-20210531-16:15:11-5386,runattr,,,repetition,0,,,,,,,,,
PureAlohaExperiment-64-20210531-16:15:11-5386,runattr,,,replication,#0,,,,,,,,,
PureAlohaExperiment-64-20210531-16:15:11-5386,runattr,,,resultdir,results,,,,,,,,,
PureAlohaExperiment-64-20210531-16:15:11-5386,runattr,,,runnumber,64,,,,,,,,,
PureAlohaExperiment-64-20210531-16:15:11-5386,runattr,,,seedset,64,,,,,,,,,
PureAlohaExperiment-64-20210531-16:15:11-5386,itervar,,,iaMean,61,,,,,,,,,
PureAlohaExperiment-64-20210531-16:15:11-5386,itervar,,,numHosts,50,,,,,,,,,
PureAlohaExperiment-64-20210531-16:15:11-5386,param,,,Aloha.numHosts,50,,,,,,,,,
PureAlohaExperiment-64-20210531-16:15:11-5386,param,,,Aloha.host[*].iaTime,exponential(61s),,,,,,,,,
PureAlohaExperiment-64-20210531-16:15:11-5386,param,,,Aloha.numHosts,50,,,,,,,,,
PureAlohaExperiment-64-20210531-16:15:11-5386,param,,,Aloha.slotTime,0s,,,,,,,,,
PureAlohaExperiment-64-20210531-16:15:11-5386,param,,,Aloha.txRate,9.6kbps,,,,,,,,,
PureAlohaExperiment-64-20210531-16:15:11-5386,param,,,Aloha.host[*].pkLenBits,952b,,,,,,,,,
PureAlohaExperiment-64-20210531-16:15:11-5386,param,,,**.x,"uniform(0m, 1000m)",,,,,,,,,
PureAlohaExperiment-64-20210531-16:15:11-5386,param,,,**.y,"uniform(0m, 1000m)",,,,,,,,,
PureAlohaExperiment-64-20210531-16:15:11-5386,param,,,**.animationHoldTimeOnCollision,0s,,,,,,,,,
PureAlohaExperiment-64-20210531-16:15:11-5386,param,,,**.idleAnimationSpeed,1,,,,,,,,,
PureAlohaExperiment-64-20210531-16:15:11-5386,param,,,**.transmissionEdgeAnimationSpeed,1e-6,,,,,,,,,
PureAlohaExperiment-64-20210531-16:15:11-5386,param,,,**.midTransmissionAnimationSpeed,1e-1,,,,,,,,,
PureAlohaExperiment-65-20210531-16:15:26-5386,runattr,,,configname,PureAlohaExperiment,,,,,,,,,
PureAlohaExperiment-65-20210531-16:15:26-5386,runattr,,,datetime,20210531-16:15:26,,,,,,,,,
PureAlohaExperiment-65-20210531-16:15:26-5386,runattr,,,experiment,PureAlohaExperiment,,,,,,,,,
PureAlohaExperiment-65-20210531-16:15:26-5386,runattr,,,inifile,omnetpp.ini,,,,,,,,,
PureAlohaExperiment-65-20210531-16:15:26-5386,runattr,,,iterationvars,"$numHosts=50, $iaMean=61",,,,,,,,,
PureAlohaExperiment-65-20210531-16:15:26-5386,runattr,,,iterationvarsf,"numHosts=50,iaMean=61-",,,,,,,,,
PureAlohaExperiment-65-20210531-16:15:26-5386,runattr,,,measurement,"$numHosts=50, $iaMean=61",,,,,,,,,
PureAlohaExperiment-65-20210531-16:15:26-5386,runattr,,,network,Aloha,,,,,,,,,
PureAlohaExperiment-65-20210531-16:15:26-5386,runattr,,,processid,5386,,,,,,,,,
PureAlohaExperiment-65-20210531-16:15:26-5386,runattr,,,repetition,1,,,,,,,,,
PureAlohaExperiment-65-20210531-16:15:26-5386,runattr,,,replication,#1,,,,,,,,,
PureAlohaExperiment-65-20210531-16:15:26-5386,runattr,,,resultdir,results,,,,,,,,,
PureAlohaExperiment-65-20210531-16:15:26-5386,runattr,,,runnumber,65,,,,,,,,,
PureAlohaExperiment-65-20210531-16:15:26-5386,runattr,,,seedset,65,,,,,,,,,
PureAlohaExperiment-65-20210531-16:15:26-5386,itervar,,,iaMean,61,,,,,,,,,
PureAlohaExperiment-65-20210531-16:15:26-5386,itervar,,,numHosts,50,,,,,,,,,
PureAlohaExperiment-65-20210531-16:15:26-5386,param,,,Aloha.numHosts,50,,,,,,,,,
PureAlohaExperiment-65-20210531-16:15:26-5386,param,,,Aloha.host[*].iaTime,exponential(61s),,,,,,,,,
PureAlohaExperiment-65-20210531-16:15:26-5386,param,,,Aloha.numHosts,50,,,,,,,,,
PureAlohaExperiment-65-20210531-16:15:26-5386,param,,,Aloha.slotTime,0s,,,,,,,,,
PureAlohaExperiment-65-20210531-16:15:26-5386,param,,,Aloha.txRate,9.6kbps,,,,,,,,,
PureAlohaExperiment-65-20210531-16:15:26-5386,param,,,Aloha.host[*].pkLenBits,952b,,,,,,,,,
PureAlohaExperiment-65-20210531-16:15:26-5386,param,,,**.x,"uniform(0m, 1000m)",,,,,,,,,
PureAlohaExperiment-65-20210531-16:15:26-5386,param,,,**.y,"uniform(0m, 1000m)",,,,,,,,,
PureAlohaExperiment-65-20210531-16:15:26-5386,param,,,**.animationHoldTimeOnCollision,0s,,,,,,,,,
PureAlohaExperiment-65-20210531-16:15:26-5386,param,,,**.idleAnimationSpeed,1,,,,,,,,,
PureAlohaExperiment-65-20210531-16:15:26-5386,param,,,**.transmissionEdgeAnimationSpeed,1e-6,,,,,,,,,
PureAlohaExperiment-65-20210531-16:15:26-5386,param,,,**.midTransmissionAnimationSpeed,1e-1,,,,,,,,,
PureAlohaExperiment-67-20210531-16:15:41-5386,runattr,,,configname,PureAlohaExperiment,,,,,,,,,
PureAlohaExperiment-67-20210531-16:15:41-5386,runattr,,,datetime,20210531-16:15:41,,,,,,,,,
PureAlohaExperiment-67-20210531-16:15:41-5386,runattr,,,experiment,PureAlohaExperiment,,,,,,,,,
PureAlohaExperiment-67-20210531-16:15:41-5386,runattr,,,inifile,omnetpp.ini,,,,,,,,,
PureAlohaExperiment-67-20210531-16:15:41-5386,runattr,,,iterationvars,"$numHosts=50, $iaMean=91",,,,,,,,,
PureAlohaExperiment-67-20210531-16:15:41-5386,runattr,,,iterationvarsf,"numHosts=50,iaMean=91-",,,,,,,,,
PureAlohaExperiment-67-20210531-16:15:41-5386,runattr,,,measurement,"$numHosts=50, $iaMean=91",,,,,,,,,
PureAlohaExperiment-67-20210531-16:15:41-5386,runattr,,,network,Aloha,,,,,,,,,
PureAlohaExperiment-67-20210531-16:15:41-5386,runattr,,,processid,5386,,,,,,,,,
PureAlohaExperiment-67-20210531-16:15:41-5386,runattr,,,repetition,1,,,,,,,,,
PureAlohaExperiment-67-20210531-16:15:41-5386,runattr,,,replication,#1,,,,,,,,,
PureAlohaExperiment-67-20210531-16:15:41-5386,runattr,,,resultdir,results,,,,,,,,,
PureAlohaExperiment-67-20210531-16:15:41-5386,runattr,,,runnumber,67,,,,,,,,,
PureAlohaExperiment-67-20210531-16:15:41-5386,runattr,,,seedset,67,,,,,,,,,
PureAlohaExperiment-67-20210531-16:15:41-5386,itervar,,,iaMean,91,,,,,,,,,
PureAlohaExperiment-67-20210531-16:15:41-5386,itervar,,,numHosts,50,,,,,,,,,
PureAlohaExperiment-67-20210531-16:15:41-5386,param,,,Aloha.numHosts,50,,,,,,,,,
PureAlohaExperiment-67-20210531-16:15:41-5386,param,,,Aloha.host[*].iaTime,exponential(91s),,,,,,,,,
PureAlohaExperiment-67-20210531-16:15:41-5386,param,,,Aloha.numHosts,50,,,,,,,,,
PureAlohaExperiment-67-20210531-16:15:41-5386,param,,,Aloha.slotTime,0s,,,,,,,,,
PureAlohaExperiment-67-20210531-16:15:41-5386,param,,,Aloha.txRate,9.6kbps,,,,,,,,,
PureAlohaExperiment-67-20210531-16:15:41-5386,param,,,Aloha.host[*].pkLenBits,952b,,,,,,,,,
PureAlohaExperiment-67-20210531-16:15:41-5386,param,,,**.x,"uniform(0m, 1000m)",,,,,,,,,
PureAlohaExperiment-67-20210531-16:15:41-5386,param,,,**.y,"uniform(0m, 1000m)",,,,,,,,,
PureAlohaExperiment-67-20210531-16:15:41-5386,param,,,**.animationHoldTimeOnCollision,0s,,,,,,,,,
PureAlohaExperiment-67-20210531-16:15:41-5386,param,,,**.idleAnimationSpeed,1,,,,,,,,,
PureAlohaExperiment-67-20210531-16:15:41-5386,param,,,**.transmissionEdgeAnimationSpeed,1e-6,,,,,,,,,
PureAlohaExperiment-67-20210531-16:15:41-5386,param,,,**.midTransmissionAnimationSpeed,1e-1,,,,,,,,,
PureAlohaExperiment-95-20210531-16:31:23-5637,scalar,Aloha.server,duration,,,180,,,,,,,,
PureAlohaExperiment-95-20210531-16:31:23-5637,scalar,Aloha.server,collisionLength:mean,,,0.17396469866271,,,,,,,,
PureAlohaExperiment-95-20210531-16:31:23-5637,attr,Aloha.server,collisionLength:mean,title,"collision length, mean",,,,,,,,,
PureAlohaExperiment-95-20210531-16:31:23-5637,scalar,Aloha.server,collisionLength:sum,,,36.358622020507,,,,,,,,
PureAlohaExperiment-95-20210531-16:31:23-5637,attr,Aloha.server,collisionLength:sum,title,"collision length, sum",,,,,,,,,
PureAlohaExperiment-95-20210531-16:31:23-5637,scalar,Aloha.server,collisionLength:max,,,0.46473364391,,,,,,,,
PureAlohaExperiment-95-20210531-16:31:23-5637,attr,Aloha.server,collisionLength:max,title,"collision length, max",,,,,,,,,
PureAlohaExperiment-95-20210531-16:31:23-5637,scalar,Aloha.server,collidedFrames:last,,,549,,,,,,,,
PureAlohaExperiment-95-20210531-16:31:23-5637,attr,Aloha.server,collidedFrames:last,source,sum(collision),,,,,,,,,
PureAlohaExperiment-95-20210531-16:31:23-5637,attr,Aloha.server,collidedFrames:last,title,"collided frames, last",,,,,,,,,
PureAlohaExperiment-95-20210531-16:31:23-5637,scalar,Aloha.server,channelUtilization:last,,,0.17729212093402,,,,,,,,
PureAlohaExperiment-95-20210531-16:31:23-5637,attr,Aloha.server,channelUtilization:last,interpolationmode,linear,,,,,,,,,
PureAlohaExperiment-95-20210531-16:31:23-5637,attr,Aloha.server,channelUtilization:last,source,timeavg(receive),,,,,,,,,
PureAlohaExperiment-95-20210531-16:31:23-5637,attr,Aloha.server,channelUtilization:last,title,"channel utilization, last",,,,,,,,,
PureAlohaExperiment-95-20210531-16:31:23-5637,scalar,Aloha.server,receivedFrames:last,,,320,,,,,,,,
PureAlohaExperiment-95-20210531-16:31:23-5637,attr,Aloha.server,receivedFrames:last,source,sum(receive),,,,,,,,,
PureAlohaExperiment-95-20210531-16:31:23-5637,attr,Aloha.server,receivedFrames:last,title,"received frames, last",,,,,,,,,
PureAlohaExperiment-91-20210531-16:28:04-5637,scalar,Aloha.server,duration,,,180,,,,,,,,
PureAlohaExperiment-91-20210531-16:28:04-5637,scalar,Aloha.server,collisionLength:mean,,,1.7532017374715,,,,,,,,
PureAlohaExperiment-91-20210531-16:28:04-5637,attr,Aloha.server,collisionLength:mean,title,"collision length, mean",,,,,,,,,
PureAlohaExperiment-91-20210531-16:28:04-5637,scalar,Aloha.server,collisionLength:sum,,,177.07337548462,,,,,,,,
PureAlohaExperiment-91-20210531-16:28:04-5637,attr,Aloha.server,collisionLength:sum,title,"collision length, sum",,,,,,,,,
PureAlohaExperiment-91-20210531-16:28:04-5637,scalar,Aloha.server,collisionLength:max,,,8.175168954771,,,,,,,,
PureAlohaExperiment-91-20210531-16:28:04-5637,attr,Aloha.server,collisionLength:max,title,"collision length, max",,,,,,,,,
PureAlohaExperiment-91-20210531-16:28:04-5637,scalar,Aloha.server,collidedFrames:last,,,8088,,,,,,,,
PureAlohaExperiment-91-20210531-16:28:04-5637,attr,Aloha.server,collidedFrames:last,source,sum(collision),,,,,,,,,
PureAlohaExperiment-91-20210531-16:28:04-5637,attr,Aloha.server,collidedFrames:last,title,"collided frames, last",,,,,,,,,
PureAlohaExperiment-91-20210531-16:28:04-5637,scalar,Aloha.server,channelUtilization:last,,,NaN,,,,,,,,
PureAlohaExperiment-91-20210531-16:28:04-5637,attr,Aloha.server,channelUtilization:last,interpolationmode,linear,,,,,,,,,
PureAlohaExperiment-91-20210531-16:28:04-5637,attr,Aloha.server,channelUtilization:last,source,timeavg(receive),,,,,,,,,
PureAlohaExperiment-91-20210531-16:28:04-5637,attr,Aloha.server,channelUtilization:last,title,"channel utilization, last",,,,,,,,,
PureAlohaExperiment-91-20210531-16:28:04-5637,scalar,Aloha.server,receivedFrames:last,,,0,,,,,,,,
PureAlohaExperiment-91-20210531-16:28:04-5637,attr,Aloha.server,receivedFrames:last,source,sum(receive),,,,,,,,,
PureAlohaExperiment-91-20210531-16:28:04-5637,attr,Aloha.server,receivedFrames:last,title,"received frames, last",,,,,,,,,
PureAlohaExperiment-69-20210531-16:17:59-5338,scalar,Aloha.server,duration,,,180,,,,,,,,
PureAlohaExperiment-69-20210531-16:17:59-5338,scalar,Aloha.server,collisionLength:mean,,,0.110921029826,,,,,,,,
PureAlohaExperiment-69-20210531-16:17:59-5338,attr,Aloha.server,collisionLength:mean,title,"collision length, mean",,,,,,,,,
PureAlohaExperiment-69-20210531-16:17:59-5338,scalar,Aloha.server,collisionLength:sum,,,0.332763089478,,,,,,,,
PureAlohaExperiment-69-20210531-16:17:59-5338,attr,Aloha.server,collisionLength:sum,title,"collision length, sum",,,,,,,,,
PureAlohaExperiment-69-20210531-16:17:59-5338,scalar,Aloha.server,collisionLength:max,,,0.12292988007,,,,,,,,
PureAlohaExperiment-69-20210531-16:17:59-5338,attr,Aloha.server,collisionLength:max,title,"collision length, max",,,,,,,,,
PureAlohaExperiment-69-20210531-16:17:59-5338,scalar,Aloha.server,collidedFrames:last,,,6,,,,,,,,
PureAlohaExperiment-69-20210531-16:17:59-5338,attr,Aloha.server,collidedFrames:last,source,sum(collision),,,,,,,,,
PureAlohaExperiment-69-20210531-16:17:59-5338,attr,Aloha.server,collidedFrames:last,title,"collided frames, last",,,,,,,,,
PureAlohaExperiment-69-20210531-16:17:59-5338,scalar,Aloha.server,channelUtilization:last,,,0.038296260889644,,,,,,,,
PureAlohaExperiment-69-20210531-16:17:59-5338,attr,Aloha.server,channelUtilization:last,interpolationmode,linear,,,,,,,,,
PureAlohaExperiment-69-20210531-16:17:59-5338,attr,Aloha.server,channelUtilization:last,source,timeavg(receive),,,,,,,,,
PureAlohaExperiment-69-20210531-16:17:59-5338,attr,Aloha.server,channelUtilization:last,title,"channel utilization, last",,,,,,,,,
PureAlohaExperiment-69-20210531-16:17:59-5338,scalar,Aloha.server,receivedFrames:last,,,69,,,,,,,,
PureAlohaExperiment-69-20210531-16:17:59-5338,attr,Aloha.server,receivedFrames:last,source,sum(receive),,,,,,,,,
PureAlohaExperiment-69-20210531-16:17:59-5338,attr,Aloha.server,receivedFrames:last,title,"received frames, last",,,,,,,,,
PureAlohaExperiment-71-20210531-16:23:58-5338,scalar,Aloha.server,duration,,,180,,,,,,,,
PureAlohaExperiment-71-20210531-16:23:58-5338,scalar,Aloha.server,collisionLength:mean,,,0.142652014119,,,,,,,,
PureAlohaExperiment-71-20210531-16:23:58-5338,attr,Aloha.server,collisionLength:mean,title,"collision length, mean",,,,,,,,,
PureAlohaExperiment-71-20210531-16:23:58-5338,scalar,Aloha.server,collisionLength:sum,,,0.142652014119,,,,,,,,
PureAlohaExperiment-71-20210531-16:23:58-5338,attr,Aloha.server,collisionLength:sum,title,"collision length, sum",,,,,,,,,
PureAlohaExperiment-71-20210531-16:23:58-5338,scalar,Aloha.server,collisionLength:max,,,0.142652014119,,,,,,,,
PureAlohaExperiment-71-20210531-16:23:58-5338,attr,Aloha.server,collisionLength:max,title,"collision length, max",,,,,,,,,
PureAlohaExperiment-71-20210531-16:23:58-5338,scalar,Aloha.server,collidedFrames:last,,,2,,,,,,,,
PureAlohaExperiment-71-20210531-16:23:58-5338,attr,Aloha.server,collidedFrames:last,source,sum(collision),,,,,,,,,
PureAlohaExperiment-71-20210531-16:23:58-5338,attr,Aloha.server,collidedFrames:last,title,"collided frames, last",,,,,,,,,
PureAlohaExperiment-71-20210531-16:23:58-5338,scalar,Aloha.server,channelUtilization:last,,,0.036559237516583,,,,,,,,
PureAlohaExperiment-71-20210531-16:23:58-5338,attr,Aloha.server,channelUtilization:last,interpolationmode,linear,,,,,,,,,
PureAlohaExperiment-71-20210531-16:23:58-5338,attr,Aloha.server,channelUtilization:last,source,timeavg(receive),,,,,,,,,
PureAlohaExperiment-71-20210531-16:23:58-5338,attr,Aloha.server,channelUtilization:last,title,"channel utilization, last",,,,,,,,,
PureAlohaExperiment-71-20210531-16:23:58-5338,scalar,Aloha.server,receivedFrames:last,,,65,,,,,,,,
PureAlohaExperiment-71-20210531-16:23:58-5338,attr,Aloha.server,receivedFrames:last,source,sum(receive),,,,,,,,,
PureAlohaExperiment-71-20210531-16:23:58-5338,attr,Aloha.server,receivedFrames:last,title,"received frames, last",,,,,,,,,
PureAlohaExperiment-97-20210531-16:31:31-5637,scalar,Aloha.server,duration,,,180,,,,,,,,
PureAlohaExperiment-97-20210531-16:31:31-5637,scalar,Aloha.server,collisionLength:mean,,,0.17201701121018,,,,,,,,
PureAlohaExperiment-97-20210531-16:31:31-5637,attr,Aloha.server,collisionLength:mean,title,"collision length, mean",,,,,,,,,
PureAlohaExperiment-97-20210531-16:31:31-5637,scalar,Aloha.server,collisionLength:sum,,,17.717752154649,,,,,,,,
PureAlohaExperiment-97-20210531-16:31:31-5637,attr,Aloha.server,collisionLength:sum,title,"collision length, sum",,,,,,,,,
PureAlohaExperiment-97-20210531-16:31:31-5637,scalar,Aloha.server,collisionLength:max,,,0.400526696596,,,,,,,,
PureAlohaExperiment-97-20210531-16:31:31-5637,attr,Aloha.server,collisionLength:max,title,"collision length, max",,,,,,,,,
PureAlohaExperiment-97-20210531-16:31:31-5637,scalar,Aloha.server,collidedFrames:last,,,247,,,,,,,,
PureAlohaExperiment-97-20210531-16:31:31-5637,attr,Aloha.server,collidedFrames:last,source,sum(collision),,,,,,,,,
PureAlohaExperiment-97-20210531-16:31:31-5637,attr,Aloha.server,collidedFrames:last,title,"collided frames, last",,,,,,,,,
PureAlohaExperiment-97-20210531-16:31:31-5637,scalar,Aloha.server,channelUtilization:last,,,0.18078369939557,,,,,,,,
PureAlohaExperiment-97-20210531-16:31:31-5637,attr,Aloha.server,channelUtilization:last,interpolationmode,linear,,,,,,,,,
PureAlohaExperiment-97-20210531-16:31:31-5637,attr,Aloha.server,channelUtilization:last,source,timeavg(receive),,,,,,,,,
PureAlohaExperiment-97-20210531-16:31:31-5637,attr,Aloha.server,channelUtilization:last,title,"channel utilization, last",,,,,,,,,
PureAlohaExperiment-97-20210531-16:31:31-5637,scalar,Aloha.server,receivedFrames:last,,,327,,,,,,,,
PureAlohaExperiment-97-20210531-16:31:31-5637,attr,Aloha.server,receivedFrames:last,source,sum(receive),,,,,,,,,
PureAlohaExperiment-97-20210531-16:31:31-5637,attr,Aloha.server,receivedFrames:last,title,"received frames, last",,,,,,,,,
PureAlohaExperiment-73-20210531-16:23:49-5338,scalar,Aloha.server,duration,,,180,,,,,,,,
PureAlohaExperiment-73-20210531-16:23:49-5338,scalar,Aloha.server,collisionLength:mean,,,0.129734543707,,,,,,,,
PureAlohaExperiment-73-20210531-16:23:49-5338,attr,Aloha.server,collisionLength:mean,title,"collision length, mean",,,,,,,,,
PureAlohaExperiment-73-20210531-16:23:49-5338,scalar,Aloha.server,collisionLength:sum,,,0.129734543707,,,,,,,,
PureAlohaExperiment-73-20210531-16:23:49-5338,attr,Aloha.server,collisionLength:sum,title,"collision length, sum",,,,,,,,,
PureAlohaExperiment-73-20210531-16:23:49-5338,scalar,Aloha.server,collisionLength:max,,,0.129734543707,,,,,,,,
PureAlohaExperiment-73-20210531-16:23:49-5338,attr,Aloha.server,collisionLength:max,title,"collision length, max",,,,,,,,,
PureAlohaExperiment-73-20210531-16:23:49-5338,scalar,Aloha.server,collidedFrames:last,,,2,,,,,,,,
PureAlohaExperiment-73-20210531-16:23:49-5338,attr,Aloha.server,collidedFrames:last,source,sum(collision),,,,,,,,,
PureAlohaExperiment-73-20210531-16:23:49-5338,attr,Aloha.server,collidedFrames:last,title,"collided frames, last",,,,,,,,,
PureAlohaExperiment-73-20210531-16:23:49-5338,scalar,Aloha.server,channelUtilization:last,,,0.020958011912531,,,,,,,,
PureAlohaExperiment-73-20210531-16:23:49-5338,attr,Aloha.server,channelUtilization:last,interpolationmode,linear,,,,,,,,,
PureAlohaExperiment-73-20210531-16:23:49-5338,attr,Aloha.server,channelUtilization:last,source,timeavg(receive),,,,,,,,,
PureAlohaExperiment-73-20210531-16:23:49-5338,attr,Aloha.server,channelUtilization:last,title,"channel utilization, last",,,,,,,,,
PureAlohaExperiment-73-20210531-16:23:49-5338,scalar,Aloha.server,receivedFrames:last,,,37,,,,,,,,
PureAlohaExperiment-73-20210531-16:23:49-5338,attr,Aloha.server,receivedFrames:last,source,sum(receive),,,,,,,,,
PureAlohaExperiment-73-20210531-16:23:49-5338,attr,Aloha.server,receivedFrames:last,title,"received frames, last",,,,,,,,,
PureAlohaExperiment-99-20210531-16:31:43-5637,scalar,Aloha.server,duration,,,180,,,,,,,,
PureAlohaExperiment-99-20210531-16:31:43-5637,scalar,Aloha.server,collisionLength:mean,,,0.15209034560797,,,,,,,,
PureAlohaExperiment-99-20210531-16:31:43-5637,attr,Aloha.server,collisionLength:mean,title,"collision length, mean",,,,,,,,,
PureAlohaExperiment-99-20210531-16:31:43-5637,scalar,Aloha.server,collisionLength:sum,,,11.25468557499,,,,,,,,
PureAlohaExperiment-99-20210531-16:31:43-5637,attr,Aloha.server,collisionLength:sum,title,"collision length, sum",,,,,,,,,
PureAlohaExperiment-99-20210531-16:31:43-5637,scalar,Aloha.server,collisionLength:max,,,0.236958959564,,,,,,,,
PureAlohaExperiment-99-20210531-16:31:43-5637,attr,Aloha.server,collisionLength:max,title,"collision length, max",,,,,,,,,
PureAlohaExperiment-99-20210531-16:31:43-5637,scalar,Aloha.server,collidedFrames:last,,,159,,,,,,,,
PureAlohaExperiment-99-20210531-16:31:43-5637,attr,Aloha.server,collidedFrames:last,source,sum(collision),,,,,,,,,
PureAlohaExperiment-99-20210531-16:31:43-5637,attr,Aloha.server,collidedFrames:last,title,"collided frames, last",,,,,,,,,
PureAlohaExperiment-99-20210531-16:31:43-5637,scalar,Aloha.server,channelUtilization:last,,,0.14763384687672,,,,,,,,
PureAlohaExperiment-99-20210531-16:31:43-5637,attr,Aloha.server,channelUtilization:last,interpolationmode,linear,,,,,,,,,
PureAlohaExperiment-99-20210531-16:31:43-5637,attr,Aloha.server,channelUtilization:last,source,timeavg(receive),,,,,,,,,
PureAlohaExperiment-99-20210531-16:31:43-5637,attr,Aloha.server,channelUtilization:last,title,"channel utilization, last",,,,,,,,,
PureAlohaExperiment-99-20210531-16:31:43-5637,scalar,Aloha.server,receivedFrames:last,,,267,,,,,,,,
PureAlohaExperiment-99-20210531-16:31:43-5637,attr,Aloha.server,receivedFrames:last,source,sum(receive),,,,,,,,,
PureAlohaExperiment-99-20210531-16:31:43-5637,attr,Aloha.server,receivedFrames:last,title,"received frames, last",,,,,,,,,
PureAlohaExperiment-75-20210531-16:23:37-5338,scalar,Aloha.server,duration,,,180,,,,,,,,
PureAlohaExperiment-75-20210531-16:23:37-5338,scalar,Aloha.server,collisionLength:mean,,,NaN,,,,,,,,
PureAlohaExperiment-75-20210531-16:23:37-5338,attr,Aloha.server,collisionLength:mean,title,"collision length, mean",,,,,,,,,
PureAlohaExperiment-75-20210531-16:23:37-5338,scalar,Aloha.server,collisionLength:sum,,,0,,,,,,,,
PureAlohaExperiment-75-20210531-16:23:37-5338,attr,Aloha.server,collisionLength:sum,title,"collision length, sum",,,,,,,,,
PureAlohaExperiment-75-20210531-16:23:37-5338,scalar,Aloha.server,collisionLength:max,,,NaN,,,,,,,,
PureAlohaExperiment-75-20210531-16:23:37-5338,attr,Aloha.server,collisionLength:max,title,"collision length, max",,,,,,,,,
PureAlohaExperiment-75-20210531-16:23:37-5338,scalar,Aloha.server,collidedFrames:last,,,NaN,,,,,,,,
PureAlohaExperiment-75-20210531-16:23:37-5338,attr,Aloha.server,collidedFrames:last,source,sum(collision),,,,,,,,,
PureAlohaExperiment-75-20210531-16:23:37-5338,attr,Aloha.server,collidedFrames:last,title,"collided frames, last",,,,,,,,,
PureAlohaExperiment-75-20210531-16:23:37-5338,scalar,Aloha.server,channelUtilization:last,,,0.024270181568803,,,,,,,,
PureAlohaExperiment-75-20210531-16:23:37-5338,attr,Aloha.server,channelUtilization:last,interpolationmode,linear,,,,,,,,,
PureAlohaExperiment-75-20210531-16:23:37-5338,attr,Aloha.server,channelUtilization:last,source,timeavg(receive),,,,,,,,,
PureAlohaExperiment-75-20210531-16:23:37-5338,attr,Aloha.server,channelUtilization:last,title,"channel utilization, last",,,,,,,,,
PureAlohaExperiment-75-20210531-16:23:37-5338,scalar,Aloha.server,receivedFrames:last,,,44,,,,,,,,
PureAlohaExperiment-75-20210531-16:23:37-5338,attr,Aloha.server,receivedFrames:last,source,sum(receive),,,,,,,,,
PureAlohaExperiment-75-20210531-16:23:37-5338,attr,Aloha.server,receivedFrames:last,title,"received frames, last",,,,,,,,,
PureAlohaExperiment-77-20210531-16:23:23-5338,scalar,Aloha.server,duration,,,180,,,,,,,,
PureAlohaExperiment-77-20210531-16:23:23-5338,scalar,Aloha.server,collisionLength:mean,,,0.1445183577695,,,,,,,,
PureAlohaExperiment-77-20210531-16:23:23-5338,attr,Aloha.server,collisionLength:mean,title,"collision length, mean",,,,,,,,,
PureAlohaExperiment-77-20210531-16:23:23-5338,scalar,Aloha.server,collisionLength:sum,,,0.289036715539,,,,,,,,
PureAlohaExperiment-77-20210531-16:23:23-5338,attr,Aloha.server,collisionLength:sum,title,"collision length, sum",,,,,,,,,
PureAlohaExperiment-77-20210531-16:23:23-5338,scalar,Aloha.server,collisionLength:max,,,0.1568312478,,,,,,,,
PureAlohaExperiment-77-20210531-16:23:23-5338,attr,Aloha.server,collisionLength:max,title,"collision length, max",,,,,,,,,
PureAlohaExperiment-77-20210531-16:23:23-5338,scalar,Aloha.server,collidedFrames:last,,,4,,,,,,,,
PureAlohaExperiment-77-20210531-16:23:23-5338,attr,Aloha.server,collidedFrames:last,source,sum(collision),,,,,,,,,
PureAlohaExperiment-77-20210531-16:23:23-5338,attr,Aloha.server,collidedFrames:last,title,"collided frames, last",,,,,,,,,
PureAlohaExperiment-77-20210531-16:23:23-5338,scalar,Aloha.server,channelUtilization:last,,,0.024074266380616,,,,,,,,
PureAlohaExperiment-77-20210531-16:23:23-5338,attr,Aloha.server,channelUtilization:last,interpolationmode,linear,,,,,,,,,
PureAlohaExperiment-77-20210531-16:23:23-5338,attr,Aloha.server,channelUtilization:last,source,timeavg(receive),,,,,,,,,
PureAlohaExperiment-77-20210531-16:23:23-5338,attr,Aloha.server,channelUtilization:last,title,"channel utilization, last",,,,,,,,,
PureAlohaExperiment-77-20210531-16:23:23-5338,scalar,Aloha.server,receivedFrames:last,,,43,,,,,,,,
PureAlohaExperiment-77-20210531-16:23:23-5338,attr,Aloha.server,receivedFrames:last,source,sum(receive),,,,,,,,,
PureAlohaExperiment-77-20210531-16:23:23-5338,attr,Aloha.server,receivedFrames:last,title,"received frames, last",,,,,,,,,
PureAlohaExperiment-101-20210531-16:31:51-5637,scalar,Aloha.server,duration,,,180,,,,,,,,
PureAlohaExperiment-101-20210531-16:31:51-5637,scalar,Aloha.server,collisionLength:mean,,,0.16127876478079,,,,,,,,
PureAlohaExperiment-101-20210531-16:31:51-5637,attr,Aloha.server,collisionLength:mean,title,"collision length, mean",,,,,,,,,
PureAlohaExperiment-101-20210531-16:31:51-5637,scalar,Aloha.server,collisionLength:sum,,,10.16056218119,,,,,,,,
PureAlohaExperiment-101-20210531-16:31:51-5637,attr,Aloha.server,collisionLength:sum,title,"collision length, sum",,,,,,,,,
PureAlohaExperiment-101-20210531-16:31:51-5637,scalar,Aloha.server,collisionLength:max,,,0.262163572422,,,,,,,,
PureAlohaExperiment-101-20210531-16:31:51-5637,attr,Aloha.server,collisionLength:max,title,"collision length, max",,,,,,,,,
PureAlohaExperiment-101-20210531-16:31:51-5637,scalar,Aloha.server,collidedFrames:last,,,141,,,,,,,,
PureAlohaExperiment-101-20210531-16:31:51-5637,attr,Aloha.server,collidedFrames:last,source,sum(collision),,,,,,,,,
PureAlohaExperiment-101-20210531-16:31:51-5637,attr,Aloha.server,collidedFrames:last,title,"collided frames, last",,,,,,,,,
PureAlohaExperiment-101-20210531-16:31:51-5637,scalar,Aloha.server,channelUtilization:last,,,0.12729895605336,,,,,,,,
PureAlohaExperiment-101-20210531-16:31:51-5637,attr,Aloha.server,channelUtilization:last,interpolationmode,linear,,,,,,,,,
PureAlohaExperiment-101-20210531-16:31:51-5637,attr,Aloha.server,channelUtilization:last,source,timeavg(receive),,,,,,,,,
PureAlohaExperiment-101-20210531-16:31:51-5637,attr,Aloha.server,channelUtilization:last,title,"channel utilization, last",,,,,,,,,
PureAlohaExperiment-101-20210531-16:31:51-5637,scalar,Aloha.server,receivedFrames:last,,,230,,,,,,,,
PureAlohaExperiment-101-20210531-16:31:51-5637,attr,Aloha.server,receivedFrames:last,source,sum(receive),,,,,,,,,
PureAlohaExperiment-101-20210531-16:31:51-5637,attr,Aloha.server,receivedFrames:last,title,"received frames, last",,,,,,,,,
PureAlohaExperiment-79-20210531-16:18:44-5338,scalar,Aloha.server,duration,,,180,,,,,,,,
PureAlohaExperiment-79-20210531-16:18:44-5338,scalar,Aloha.server,collisionLength:mean,,,NaN,,,,,,,,
PureAlohaExperiment-79-20210531-16:18:44-5338,attr,Aloha.server,collisionLength:mean,title,"collision length, mean",,,,,,,,,
PureAlohaExperiment-79-20210531-16:18:44-5338,scalar,Aloha.server,collisionLength:sum,,,0,,,,,,,,
PureAlohaExperiment-79-20210531-16:18:44-5338,attr,Aloha.server,collisionLength:sum,title,"collision length, sum",,,,,,,,,
PureAlohaExperiment-79-20210531-16:18:44-5338,scalar,Aloha.server,collisionLength:max,,,NaN,,,,,,,,
PureAlohaExperiment-79-20210531-16:18:44-5338,attr,Aloha.server,collisionLength:max,title,"collision length, max",,,,,,,,,
PureAlohaExperiment-79-20210531-16:18:44-5338,scalar,Aloha.server,collidedFrames:last,,,NaN,,,,,,,,
PureAlohaExperiment-79-20210531-16:18:44-5338,attr,Aloha.server,collidedFrames:last,source,sum(collision),,,,,,,,,
PureAlohaExperiment-79-20210531-16:18:44-5338,attr,Aloha.server,collidedFrames:last,title,"collided frames, last",,,,,,,,,
PureAlohaExperiment-79-20210531-16:18:44-5338,scalar,Aloha.server,channelUtilization:last,,,0.014802251408401,,,,,,,,
PureAlohaExperiment-79-20210531-16:18:44-5338,attr,Aloha.server,channelUtilization:last,interpolationmode,linear,,,,,,,,,
PureAlohaExperiment-79-20210531-16:18:44-5338,attr,Aloha.server,channelUtilization:last,source,timeavg(receive),,,,,,,,,
PureAlohaExperiment-79-20210531-16:18:44-5338,attr,Aloha.server,channelUtilization:last,title,"channel utilization, last",,,,,,,,,
PureAlohaExperiment-79-20210531-16:18:44-5338,scalar,Aloha.server,receivedFrames:last,,,26,,,,,,,,
PureAlohaExperiment-79-20210531-16:18:44-5338,attr,Aloha.server,receivedFrames:last,source,sum(receive),,,,,,,,,
PureAlohaExperiment-79-20210531-16:18:44-5338,attr,Aloha.server,receivedFrames:last,title,"received frames, last",,,,,,,,,
PureAlohaExperiment-63-20210531-16:15:02-5386,scalar,Aloha.server,duration,,,180,,,,,,,,
PureAlohaExperiment-63-20210531-16:15:02-5386,scalar,Aloha.server,collisionLength:mean,,,0.14888387582582,,,,,,,,
PureAlohaExperiment-63-20210531-16:15:02-5386,attr,Aloha.server,collisionLength:mean,title,"collision length, mean",,,,,,,,,
PureAlohaExperiment-63-20210531-16:15:02-5386,scalar,Aloha.server,collisionLength:sum,,,5.806471157207,,,,,,,,
PureAlohaExperiment-63-20210531-16:15:02-5386,attr,Aloha.server,collisionLength:sum,title,"collision length, sum",,,,,,,,,
PureAlohaExperiment-63-20210531-16:15:02-5386,scalar,Aloha.server,collisionLength:max,,,0.239660267558,,,,,,,,
PureAlohaExperiment-63-20210531-16:15:02-5386,attr,Aloha.server,collisionLength:max,title,"collision length, max",,,,,,,,,
PureAlohaExperiment-63-20210531-16:15:02-5386,scalar,Aloha.server,collidedFrames:last,,,80,,,,,,,,
PureAlohaExperiment-63-20210531-16:15:02-5386,attr,Aloha.server,collidedFrames:last,source,sum(collision),,,,,,,,,
PureAlohaExperiment-63-20210531-16:15:02-5386,attr,Aloha.server,collidedFrames:last,title,"collided frames, last",,,,,,,,,
PureAlohaExperiment-63-20210531-16:15:02-5386,scalar,Aloha.server,channelUtilization:last,,,0.1132754551188,,,,,,,,
PureAlohaExperiment-63-20210531-16:15:02-5386,attr,Aloha.server,channelUtilization:last,interpolationmode,linear,,,,,,,,,
PureAlohaExperiment-63-20210531-16:15:02-5386,attr,Aloha.server,channelUtilization:last,source,timeavg(receive),,,,,,,,,
PureAlohaExperiment-63-20210531-16:15:02-5386,attr,Aloha.server,channelUtilization:last,title,"channel utilization, last",,,,,,,,,
PureAlohaExperiment-63-20210531-16:15:02-5386,scalar,Aloha.server,receivedFrames:last,,,205,,,,,,,,
PureAlohaExperiment-63-20210531-16:15:02-5386,attr,Aloha.server,receivedFrames:last,source,sum(receive),,,,,,,,,
PureAlohaExperiment-63-20210531-16:15:02-5386,attr,Aloha.server,receivedFrames:last,title,"received frames, last",,,,,,,,,
PureAlohaExperiment-93-20210531-16:30:01-5637,scalar,Aloha.server,duration,,,180,,,,,,,,
PureAlohaExperiment-93-20210531-16:30:01-5637,scalar,Aloha.server,collisionLength:mean,,,0.21627407874064,,,,,,,,
PureAlohaExperiment-93-20210531-16:30:01-5637,attr,Aloha.server,collisionLength:mean,title,"collision length, mean",,,,,,,,,
PureAlohaExperiment-93-20210531-16:30:01-5637,scalar,Aloha.server,collisionLength:sum,,,90.186290834846,,,,,,,,
PureAlohaExperiment-93-20210531-16:30:01-5637,attr,Aloha.server,collisionLength:sum,title,"collision length, sum",,,,,,,,,
PureAlohaExperiment-93-20210531-16:30:01-5637,scalar,Aloha.server,collisionLength:max,,,1.007015388509,,,,,,,,
PureAlohaExperiment-93-20210531-16:30:01-5637,attr,Aloha.server,collisionLength:max,title,"collision length, max",,,,,,,,,
PureAlohaExperiment-93-20210531-16:30:01-5637,scalar,Aloha.server,collidedFrames:last,,,1576,,,,,,,,
PureAlohaExperiment-93-20210531-16:30:01-5637,attr,Aloha.server,collidedFrames:last,source,sum(collision),,,,,,,,,
PureAlohaExperiment-93-20210531-16:30:01-5637,attr,Aloha.server,collidedFrames:last,title,"collided frames, last",,,,,,,,,
PureAlohaExperiment-93-20210531-16:30:01-5637,scalar,Aloha.server,channelUtilization:last,,,0.13619628939806,,,,,,,,
PureAlohaExperiment-93-20210531-16:30:01-5637,attr,Aloha.server,channelUtilization:last,interpolationmode,linear,,,,,,,,,
PureAlohaExperiment-93-20210531-16:30:01-5637,attr,Aloha.server,channelUtilization:last,source,timeavg(receive),,,,,,,,,
PureAlohaExperiment-93-20210531-16:30:01-5637,attr,Aloha.server,channelUtilization:last,title,"channel utilization, last",,,,,,,,,
PureAlohaExperiment-93-20210531-16:30:01-5637,scalar,Aloha.server,receivedFrames:last,,,247,,,,,,,,
PureAlohaExperiment-93-20210531-16:30:01-5637,attr,Aloha.server,receivedFrames:last,source,sum(receive),,,,,,,,,
PureAlohaExperiment-93-20210531-16:30:01-5637,attr,Aloha.server,receivedFrames:last,title,"received frames, last",,,,,,,,,
PureAlohaExperiment-64-20210531-16:15:11-5386,scalar,Aloha.server,duration,,,180,,,,,,,,
PureAlohaExperiment-64-20210531-16:15:11-5386,scalar,Aloha.server,collisionLength:mean,,,0.14863151331013,,,,,,,,
PureAlohaExperiment-64-20210531-16:15:11-5386,attr,Aloha.server,collisionLength:mean,title,"collision length, mean",,,,,,,,,
PureAlohaExperiment-64-20210531-16:15:11-5386,scalar,Aloha.server,collisionLength:sum,,,1.189052106481,,,,,,,,
PureAlohaExperiment-64-20210531-16:15:11-5386,attr,Aloha.server,collisionLength:sum,title,"collision length, sum",,,,,,,,,
PureAlohaExperiment-64-20210531-16:15:11-5386,scalar,Aloha.server,collisionLength:max,,,0.194294462169,,,,,,,,
PureAlohaExperiment-64-20210531-16:15:11-5386,attr,Aloha.server,collisionLength:max,title,"collision length, max",,,,,,,,,
PureAlohaExperiment-64-20210531-16:15:11-5386,scalar,Aloha.server,collidedFrames:last,,,16,,,,,,,,
PureAlohaExperiment-64-20210531-16:15:11-5386,attr,Aloha.server,collidedFrames:last,source,sum(collision),,,,,,,,,
PureAlohaExperiment-64-20210531-16:15:11-5386,attr,Aloha.server,collidedFrames:last,title,"collided frames, last",,,,,,,,,
PureAlohaExperiment-64-20210531-16:15:11-5386,scalar,Aloha.server,channelUtilization:last,,,0.076596146392628,,,,,,,,
PureAlohaExperiment-64-20210531-16:15:11-5386,attr,Aloha.server,channelUtilization:last,interpolationmode,linear,,,,,,,,,
PureAlohaExperiment-64-20210531-16:15:11-5386,attr,Aloha.server,channelUtilization:last,source,timeavg(receive),,,,,,,,,
PureAlohaExperiment-64-20210531-16:15:11-5386,attr,Aloha.server,channelUtilization:last,title,"channel utilization, last",,,,,,,,,
PureAlohaExperiment-64-20210531-16:15:11-5386,scalar,Aloha.server,receivedFrames:last,,,139,,,,,,,,
PureAlohaExperiment-64-20210531-16:15:11-5386,attr,Aloha.server,receivedFrames:last,source,sum(receive),,,,,,,,,
PureAlohaExperiment-64-20210531-16:15:11-5386,attr,Aloha.server,receivedFrames:last,title,"received frames, last",,,,,,,,,
PureAlohaExperiment-65-20210531-16:15:26-5386,scalar,Aloha.server,duration,,,180,,,,,,,,
PureAlohaExperiment-65-20210531-16:15:26-5386,scalar,Aloha.server,collisionLength:mean,,,0.1528807088252,,,,,,,,
PureAlohaExperiment-65-20210531-16:15:26-5386,attr,Aloha.server,collisionLength:mean,title,"collision length, mean",,,,,,,,,
PureAlohaExperiment-65-20210531-16:15:26-5386,scalar,Aloha.server,collisionLength:sum,,,1.528807088252,,,,,,,,
PureAlohaExperiment-65-20210531-16:15:26-5386,attr,Aloha.server,collisionLength:sum,title,"collision length, sum",,,,,,,,,
PureAlohaExperiment-65-20210531-16:15:26-5386,scalar,Aloha.server,collisionLength:max,,,0.201825525455,,,,,,,,
PureAlohaExperiment-65-20210531-16:15:26-5386,attr,Aloha.server,collisionLength:max,title,"collision length, max",,,,,,,,,
PureAlohaExperiment-65-20210531-16:15:26-5386,scalar,Aloha.server,collidedFrames:last,,,21,,,,,,,,
PureAlohaExperiment-65-20210531-16:15:26-5386,attr,Aloha.server,collidedFrames:last,source,sum(collision),,,,,,,,,
PureAlohaExperiment-65-20210531-16:15:26-5386,attr,Aloha.server,collidedFrames:last,title,"collided frames, last",,,,,,,,,
PureAlohaExperiment-65-20210531-16:15:26-5386,scalar,Aloha.server,channelUtilization:last,,,0.074927725472157,,,,,,,,
PureAlohaExperiment-65-20210531-16:15:26-5386,attr,Aloha.server,channelUtilization:last,interpolationmode,linear,,,,,,,,,
PureAlohaExperiment-65-20210531-16:15:26-5386,attr,Aloha.server,channelUtilization:last,source,timeavg(receive),,,,,,,,,
PureAlohaExperiment-65-20210531-16:15:26-5386,attr,Aloha.server,channelUtilization:last,title,"channel utilization, last",,,,,,,,,
PureAlohaExperiment-65-20210531-16:15:26-5386,scalar,Aloha.server,receivedFrames:last,,,135,,,,,,,,
PureAlohaExperiment-65-20210531-16:15:26-5386,attr,Aloha.server,receivedFrames:last,source,sum(receive),,,,,,,,,
PureAlohaExperiment-65-20210531-16:15:26-5386,attr,Aloha.server,receivedFrames:last,title,"received frames, last",,,,,,,,,
PureAlohaExperiment-67-20210531-16:15:41-5386,scalar,Aloha.server,duration,,,180,,,,,,,,
PureAlohaExperiment-67-20210531-16:15:41-5386,scalar,Aloha.server,collisionLength:mean,,,0.14122901716343,,,,,,,,
PureAlohaExperiment-67-20210531-16:15:41-5386,attr,Aloha.server,collisionLength:mean,title,"collision length, mean",,,,,,,,,
PureAlohaExperiment-67-20210531-16:15:41-5386,scalar,Aloha.server,collisionLength:sum,,,0.988603120144,,,,,,,,
PureAlohaExperiment-67-20210531-16:15:41-5386,attr,Aloha.server,collisionLength:sum,title,"collision length, sum",,,,,,,,,
PureAlohaExperiment-67-20210531-16:15:41-5386,scalar,Aloha.server,collisionLength:max,,,0.180018197611,,,,,,,,
PureAlohaExperiment-67-20210531-16:15:41-5386,attr,Aloha.server,collisionLength:max,title,"collision length, max",,,,,,,,,
PureAlohaExperiment-67-20210531-16:15:41-5386,scalar,Aloha.server,collidedFrames:last,,,15,,,,,,,,
PureAlohaExperiment-67-20210531-16:15:41-5386,attr,Aloha.server,collidedFrames:last,source,sum(collision),,,,,,,,,
PureAlohaExperiment-67-20210531-16:15:41-5386,attr,Aloha.server,collidedFrames:last,title,"collided frames, last",,,,,,,,,
PureAlohaExperiment-67-20210531-16:15:41-5386,scalar,Aloha.server,channelUtilization:last,,,0.050541071878961,,,,,,,,
PureAlohaExperiment-67-20210531-16:15:41-5386,attr,Aloha.server,channelUtilization:last,interpolationmode,linear,,,,,,,,,
PureAlohaExperiment-67-20210531-16:15:41-5386,attr,Aloha.server,channelUtilization:last,source,timeavg(receive),,,,,,,,,
PureAlohaExperiment-67-20210531-16:15:41-5386,attr,Aloha.server,channelUtilization:last,title,"channel utilization, last",,,,,,,,,
PureAlohaExperiment-67-20210531-16:15:41-5386,scalar,Aloha.server,receivedFrames:last,,,91,,,,,,,,
PureAlohaExperiment-67-20210531-16:15:41-5386,attr,Aloha.server,receivedFrames:last,source,sum(receive),,,,,,,,,
PureAlohaExperiment-67-20210531-16:15:41-5386,attr,Aloha.server,receivedFrames:last,title,"received frames, last",,,,,,,,,
PureAlohaExperiment-95-20210531-16:31:23-5637,histogram,Aloha.server,collisionLength:histogram,,,,209,,0.17396469866271,0.061720491334232,0.09950148305,0.46473364391," 0 0.01 0.02 0.03 0.04 0.05 0.06 0.07 0.08 0.09 0.1 0.11 0.12 0.13 0.14 0.15 0.16 0.17 0.18 0.19 0.2 0.21 0.22 0.23 0.24 0.25 0.26 0.27 0.28 0.29 0.3 0.31 0.32 0.33 0.34 0.35 0.36 0.37 0.38 0.39 0.4 0.41 0.42 0.43 0.44 0.45 0.46 0.47 0.48 0.49 0.5 0.51 0.52 0.53 0.54 0.55 0.56"," 0 0 0 0 0 0 0 0 0 2 20 17 9 19 14 22 21 10 15 12 9 3 6 4 5 1 3 2 4 2 1 1 1 0 2 0 1 0 0 0 1 1 0 0 0 0 1 0 0 0 0 0 0 0 0 0"
PureAlohaExperiment-95-20210531-16:31:23-5637,attr,Aloha.server,collisionLength:histogram,title,"collision length, histogram",,,,,,,,,
PureAlohaExperiment-95-20210531-16:31:23-5637,histogram,Aloha.server,collisionMultiplicity:histogram,,,,209,,2.6267942583732,0.96797258422593,2,7," 1 2 3 4 5 6 7 8"," 0 128 47 23 8 1 2"
PureAlohaExperiment-95-20210531-16:31:23-5637,attr,Aloha.server,collisionMultiplicity:histogram,source,collision,,,,,,,,,
PureAlohaExperiment-95-20210531-16:31:23-5637,attr,Aloha.server,collisionMultiplicity:histogram,title,"collision multiplicity, histogram",,,,,,,,,
PureAlohaExperiment-91-20210531-16:28:04-5637,histogram,Aloha.server,collisionLength:histogram,,,,101,,1.7532017374715,1.794417107043,0.102030880722,8.175168954771," 0 0.2 0.4 0.6 0.8 1 1.2 1.4 1.6 1.8 2 2.2 2.4 2.6 2.8 3 3.2 3.4 3.6 3.8 4 4.2 4.4 4.6 4.8 5 5.2 5.4 5.6 5.8 6 6.2 6.4 6.6 6.8 7 7.2 7.4 7.6 7.8 8 8.2 8.4 8.6 8.8 9 9.2 9.4 9.6 9.8 10 10.2"," 7 13 10 8 9 8 6 4 1 2 4 2 2 3 4 2 2 0 3 1 1 1 1 0 0 0 0 1 2 0 0 1 0 0 0 0 0 0 0 2 1 0 0 0 0 0 0 0 0 0 0"
PureAlohaExperiment-91-20210531-16:28:04-5637,attr,Aloha.server,collisionLength:histogram,title,"collision length, histogram",,,,,,,,,
PureAlohaExperiment-91-20210531-16:28:04-5637,histogram,Aloha.server,collisionMultiplicity:histogram,,,,101,,80.079207920792,86.117092747992,2,410," 0 10 20 30 40 50 60 70 80 90 100 110 120 130 140 150 160 170 180 190 200 210 220 230 240 250 260 270 280 290 300 310 320 330 340 350 360 370 380 390 400 410 420 430 440 450 460 470 480 490 500 510 520"," 12 12 10 10 7 6 8 1 1 3 3 4 4 3 2 0 0 4 1 2 0 0 1 0 0 2 1 0 0 1 0 0 0 0 0 0 0 1 0 0 1 1 0 0 0 0 0 0 0 0 0 0"
PureAlohaExperiment-91-20210531-16:28:04-5637,attr,Aloha.server,collisionMultiplicity:histogram,source,collision,,,,,,,,,
PureAlohaExperiment-91-20210531-16:28:04-5637,attr,Aloha.server,collisionMultiplicity:histogram,title,"collision multiplicity, histogram",,,,,,,,,
PureAlohaExperiment-69-20210531-16:17:59-5338,histogram,Aloha.server,collisionLength:histogram,,,,3,,0.110921029826,0.011186350290284,0.100796523433,0.12292988007," 0.095 0.0955 0.096 0.0965 0.097 0.0975 0.098 0.0985 0.099 0.0995 0.1 0.1005 0.101 0.1015 0.102 0.1025 0.103 0.1035 0.104 0.1045 0.105 0.1055 0.106 0.1065 0.107 0.1075 0.108 0.1085 0.109 0.1095 0.11 0.1105 0.111 0.1115 0.112 0.1125 0.113 0.1135 0.114 0.1145 0.115 0.1155 0.116 0.1165 0.117 0.1175 0.118 0.1185 0.119 0.1195 0.12 0.1205 0.121 0.1215 0.122 0.1225 0.123 0.1235 0.124 0.1245 0.125 0.1255 0.126 0.1265 0.127 0.1275 0.128 0.1285"," 0 0 0 0 0 0 0 0 0 0 0 1 0 0 0 0 0 0 0 0 0 0 0 0 0 0 0 0 1 0 0 0 0 0 0 0 0 0 0 0 0 0 0 0 0 0 0 0 0 0 0 0 0 0 0 1 0 0 0 0 0 0 0 0 0 0 0"
PureAlohaExperiment-69-20210531-16:17:59-5338,attr,Aloha.server,collisionLength:histogram,title,"collision length, histogram",,,,,,,,,
PureAlohaExperiment-69-20210531-16:17:59-5338,histogram,Aloha.server,collisionMultiplicity:histogram,,,,3,,2,0,2,2," 1 2 3"," 0 3"
PureAlohaExperiment-69-20210531-16:17:59-5338,attr,Aloha.server,collisionMultiplicity:histogram,source,collision,,,,,,,,,
PureAlohaExperiment-69-20210531-16:17:59-5338,attr,Aloha.server,collisionMultiplicity:histogram,title,"collision multiplicity, histogram",,,,,,,,,
PureAlohaExperiment-71-20210531-16:23:58-5338,histogram,Aloha.server,collisionLength:histogram,,,,1,,0.142652014119,0,0.142652014119,0.142652014119," 0 0.01 0.02 0.03 0.04 0.05 0.06 0.07 0.08 0.09 0.1 0.11 0.12 0.13 0.14 0.15 0.16 0.17 0.18 0.19 0.2 0.21 0.22 0.23 0.24 0.25 0.26 0.27 0.28 0.29 0.3 0.31 0.32 0.33 0.34 0.35 0.36 0.37 0.38 0.39 0.4 0.41 0.42 0.43 0.44 0.45 0.46 0.47 0.48 0.49 0.5 0.51 0.52 0.53 0.54 0.55 0.56 0.57 0.58 0.59 0.6 0.61 0.62 0.63 0.64 0.65"," 0 0 0 0 0 0 0 0 0 0 0 0 0 0 1 0 0 0 0 0 0 0 0 0 0 0 0 0 0 0 0 0 0 0 0 0 0 0 0 0 0 0 0 0 0 0 0 0 0 0 0 0 0 0 0 0 0 0 0 0 0 0 0 0 0"
PureAlohaExperiment-71-20210531-16:23:58-5338,attr,Aloha.server,collisionLength:histogram,title,"collision length, histogram",,,,,,,,,
PureAlohaExperiment-71-20210531-16:23:58-5338,histogram,Aloha.server,collisionMultiplicity:histogram,,,,1,,2,NaN,2,2," 1 2 3"," 0 1"
PureAlohaExperiment-71-20210531-16:23:58-5338,attr,Aloha.server,collisionMultiplicity:histogram,source,collision,,,,,,,,,
PureAlohaExperiment-71-20210531-16:23:58-5338,attr,Aloha.server,collisionMultiplicity:histogram,title,"collision multiplicity, histogram",,,,,,,,,
PureAlohaExperiment-97-20210531-16:31:31-5637,histogram,Aloha.server,collisionLength:histogram,,,,103,,0.17201701121018,0.049898502751848,0.100887883075,0.400526696596," 0.025 0.03 0.035 0.04 0.045 0.05 0.055 0.06 0.065 0.07 0.075 0.08 0.085 0.09 0.095 0.1 0.105 0.11 0.115 0.12 0.125 0.13 0.135 0.14 0.145 0.15 0.155 0.16 0.165 0.17 0.175 0.18 0.185 0.19 0.195 0.2 0.205 0.21 0.215 0.22 0.225 0.23 0.235 0.24 0.245 0.25 0.255 0.26 0.265 0.27 0.275 0.28 0.285 0.29 0.295 0.3 0.305 0.31 0.315 0.32 0.325 0.33 0.335 0.34 0.345 0.35 0.355 0.36 0.365 0.37 0.375 0.38 0.385 0.39 0.395 0.4 0.405 0.41 0.415 0.42 0.425 0.43 0.435 0.44 0.445 0.45 0.455 0.46 0.465 0.47 0.475 0.48"," 0 0 0 0 0 0 0 0 0 0 0 0 0 0 0 4 4 3 3 4 1 3 9 4 3 3 1 3 4 8 6 3 7 7 5 0 1 1 2 3 2 2 0 0 0 1 1 1 0 0 0 0 0 1 0 0 1 0 1 0 0 0 0 0 0 0 0 0 0 0 0 0 0 0 0 1 0 0 0 0 0 0 0 0 0 0 0 0 0 0 0"
PureAlohaExperiment-97-20210531-16:31:31-5637,attr,Aloha.server,collisionLength:histogram,title,"collision length, histogram",,,,,,,,,
PureAlohaExperiment-97-20210531-16:31:31-5637,histogram,Aloha.server,collisionMultiplicity:histogram,,,,103,,2.3980582524272,0.73217117126009,2,6," 1 2 3 4 5 6 7"," 0 73 22 6 1 1"
PureAlohaExperiment-97-20210531-16:31:31-5637,attr,Aloha.server,collisionMultiplicity:histogram,source,collision,,,,,,,,,
PureAlohaExperiment-97-20210531-16:31:31-5637,attr,Aloha.server,collisionMultiplicity:histogram,title,"collision multiplicity, histogram",,,,,,,,,
PureAlohaExperiment-73-20210531-16:23:49-5338,histogram,Aloha.server,collisionLength:histogram,,,,1,,0.129734543707,0,0.129734543707,0.129734543707," 0 0.01 0.02 0.03 0.04 0.05 0.06 0.07 0.08 0.09 0.1 0.11 0.12 0.13 0.14 0.15 0.16 0.17 0.18 0.19 0.2 0.21 0.22 0.23 0.24 0.25 0.26 0.27 0.28 0.29 0.3 0.31 0.32 0.33 0.34 0.35 0.36 0.37 0.38 0.39 0.4 0.41 0.42 0.43 0.44 0.45 0.46 0.47 0.48 0.49 0.5 0.51 0.52 0.53 0.54 0.55 0.56 0.57 0.58 0.59 0.6 0.61 0.62 0.63"," 0 0 0 0 0 0 0 0 0 0 0 0 1 0 0 0 0 0 0 0 0 0 0 0 0 0 0 0 0 0 0 0 0 0 0 0 0 0 0 0 0 0 0 0 0 0 0 0 0 0 0 0 0 0 0 0 0 0 0 0 0 0 0"
PureAlohaExperiment-73-20210531-16:23:49-5338,attr,Aloha.server,collisionLength:histogram,title,"collision length, histogram",,,,,,,,,
PureAlohaExperiment-73-20210531-16:23:49-5338,histogram,Aloha.server,collisionMultiplicity:histogram,,,,1,,2,NaN,2,2," 1 2 3"," 0 1"
PureAlohaExperiment-73-20210531-16:23:49-5338,attr,Aloha.server,collisionMultiplicity:histogram,source,collision,,,,,,,,,
PureAlohaExperiment-73-20210531-16:23:49-5338,attr,Aloha.server,collisionMultiplicity:histogram,title,"collision multiplicity, histogram",,,,,,,,,
PureAlohaExperiment-99-20210531-16:31:43-5637,histogram,Aloha.server,collisionLength:histogram,,,,74,,0.15209034560797,0.027460114726736,0.103552621545,0.236958959564," 0.07 0.072 0.074 0.076 0.078 0.08 0.082 0.084 0.086 0.088 0.09 0.092 0.094 0.096 0.098 0.1 0.102 0.104 0.106 0.108 0.11 0.112 0.114 0.116 0.118 0.12 0.122 0.124 0.126 0.128 0.13 0.132 0.134 0.136 0.138 0.14 0.142 0.144 0.146 0.148 0.15 0.152 0.154 0.156 0.158 0.16 0.162 0.164 0.166 0.168 0.17 0.172 0.174 0.176 0.178 0.18 0.182 0.184 0.186 0.188 0.19 0.192 0.194 0.196 0.198 0.2 0.202 0.204 0.206 0.208 0.21 0.212 0.214 0.216 0.218 0.22 0.222 0.224 0.226 0.228 0.23 0.232 0.234 0.236 0.238 0.24 0.242 0.244 0.246 0.248 0.25 0.252 0.254 0.256 0.258 0.26 0.262 0.264 0.266 0.268 0.27 0.272"," 0 0 0 0 0 0 0 0 0 0 0 0 0 0 0 0 1 0 3 1 1 0 2 2 0 1 1 1 3 0 3 2 3 3 2 2 2 0 0 3 1 0 0 4 0 4 4 0 1 5 1 3 1 1 2 1 0 1 2 2 2 0 0 0 1 0 1 0 0 0 0 0 0 0 0 0 0 0 0 0 0 0 0 1 0 0 0 0 0 0 0 0 0 0 0 0 0 0 0 0 0"
PureAlohaExperiment-99-20210531-16:31:43-5637,attr,Aloha.server,collisionLength:histogram,title,"collision length, histogram",,,,,,,,,
PureAlohaExperiment-99-20210531-16:31:43-5637,histogram,Aloha.server,collisionMultiplicity:histogram,,,,74,,2.1486486486486,0.39456695292512,2,4," 1 2 3 4 5"," 0 64 9 1"
PureAlohaExperiment-99-20210531-16:31:43-5637,attr,Aloha.server,collisionMultiplicity:histogram,source,collision,,,,,,,,,
PureAlohaExperiment-99-20210531-16:31:43-5637,attr,Aloha.server,collisionMultiplicity:histogram,title,"collision multiplicity, histogram",,,,,,,,,
PureAlohaExperiment-75-20210531-16:23:37-5338,histogram,Aloha.server,collisionLength:histogram,,,,0,,NaN,NaN,NaN,NaN," 0 1"," 0"
PureAlohaExperiment-75-20210531-16:23:37-5338,attr,Aloha.server,collisionLength:histogram,title,"collision length, histogram",,,,,,,,,
PureAlohaExperiment-75-20210531-16:23:37-5338,histogram,Aloha.server,collisionMultiplicity:histogram,,,,0,,NaN,NaN,NaN,NaN," 0 1"," 0"
PureAlohaExperiment-75-20210531-16:23:37-5338,attr,Aloha.server,collisionMultiplicity:histogram,source,collision,,,,,,,,,
PureAlohaExperiment-75-20210531-16:23:37-5338,attr,Aloha.server,collisionMultiplicity:histogram,title,"collision multiplicity, histogram",,,,,,,,,
PureAlohaExperiment-77-20210531-16:23:23-5338,histogram,Aloha.server,collisionLength:histogram,,,,2,,0.1445183577695,0.017413056073148,0.132205467739,0.1568312478," 0.126 0.1265 0.127 0.1275 0.128 0.1285 0.129 0.1295 0.13 0.1305 0.131 0.1315 0.132 0.1325 0.133 0.1335 0.134 0.1345 0.135 0.1355 0.136 0.1365 0.137 0.1375 0.138 0.1385 0.139 0.1395 0.14 0.1405 0.141 0.1415 0.142 0.1425 0.143 0.1435 0.144 0.1445 0.145 0.1455 0.146 0.1465 0.147 0.1475 0.148 0.1485 0.149 0.1495 0.15 0.1505 0.151 0.1515 0.152 0.1525 0.153 0.1535 0.154 0.1545 0.155 0.1555 0.156 0.1565 0.157 0.1575 0.158 0.1585 0.159 0.1595 0.16 0.1605 0.161 0.1615 0.162 0.1625 0.163"," 0 0 0 0 0 0 0 0 0 0 0 0 1 0 0 0 0 0 0 0 0 0 0 0 0 0 0 0 0 0 0 0 0 0 0 0 0 0 0 0 0 0 0 0 0 0 0 0 0 0 0 0 0 0 0 0 0 0 0 0 0 1 0 0 0 0 0 0 0 0 0 0 0 0"
PureAlohaExperiment-77-20210531-16:23:23-5338,attr,Aloha.server,collisionLength:histogram,title,"collision length, histogram",,,,,,,,,
PureAlohaExperiment-77-20210531-16:23:23-5338,histogram,Aloha.server,collisionMultiplicity:histogram,,,,2,,2,0,2,2," 1 2 3"," 0 2"
PureAlohaExperiment-77-20210531-16:23:23-5338,attr,Aloha.server,collisionMultiplicity:histogram,source,collision,,,,,,,,,
PureAlohaExperiment-77-20210531-16:23:23-5338,attr,Aloha.server,collisionMultiplicity:histogram,title,"collision multiplicity, histogram",,,,,,,,,
PureAlohaExperiment-101-20210531-16:31:51-5637,histogram,Aloha.server,collisionLength:histogram,,,,63,,0.16127876478079,0.04001011391963,0.100771361614,0.262163572422," 0.06 0.065 0.07 0.075 0.08 0.085 0.09 0.095 0.1 0.105 0.11 0.115 0.12 0.125 0.13 0.135 0.14 0.145 0.15 0.155 0.16 0.165 0.17 0.175 0.18 0.185 0.19 0.195 0.2 0.205 0.21 0.215 0.22 0.225 0.23 0.235 0.24 0.245 0.25 0.255 0.26 0.265 0.27 0.275 0.28 0.285 0.29 0.295 0.3 0.305"," 0 0 0 0 0 0 0 0 3 4 1 2 4 1 2 4 4 2 3 2 2 3 4 2 3 6 1 1 1 1 1 0 0 2 1 0 0 0 1 1 1 0 0 0 0 0 0 0 0"
PureAlohaExperiment-101-20210531-16:31:51-5637,attr,Aloha.server,collisionLength:histogram,title,"collision length, histogram",,,,,,,,,
PureAlohaExperiment-101-20210531-16:31:51-5637,histogram,Aloha.server,collisionMultiplicity:histogram,,,,63,,2.2380952380952,0.46539215909935,2,4," 1 2 3 4 5"," 0 49 13 1"
PureAlohaExperiment-101-20210531-16:31:51-5637,attr,Aloha.server,collisionMultiplicity:histogram,source,collision,,,,,,,,,
PureAlohaExperiment-101-20210531-16:31:51-5637,attr,Aloha.server,collisionMultiplicity:histogram,title,"collision multiplicity, histogram",,,,,,,,,
PureAlohaExperiment-79-20210531-16:18:44-5338,histogram,Aloha.server,collisionLength:histogram,,,,0,,NaN,NaN,NaN,NaN," 0 1"," 0"
PureAlohaExperiment-79-20210531-16:18:44-5338,attr,Aloha.server,collisionLength:histogram,title,"collision length, histogram",,,,,,,,,
PureAlohaExperiment-79-20210531-16:18:44-5338,histogram,Aloha.server,collisionMultiplicity:histogram,,,,0,,NaN,NaN,NaN,NaN," 0 1"," 0"
PureAlohaExperiment-79-20210531-16:18:44-5338,attr,Aloha.server,collisionMultiplicity:histogram,source,collision,,,,,,,,,
PureAlohaExperiment-79-20210531-16:18:44-5338,attr,Aloha.server,collisionMultiplicity:histogram,title,"collision multiplicity, histogram",,,,,,,,,
PureAlohaExperiment-63-20210531-16:15:02-5386,histogram,Aloha.server,collisionLength:histogram,,,,39,,0.14888387582582,0.033257055673047,0.102568332202,0.239660267558," 0.068 0.07 0.072 0.074 0.076 0.078 0.08 0.082 0.084 0.086 0.088 0.09 0.092 0.094 0.096 0.098 0.1 0.102 0.104 0.106 0.108 0.11 0.112 0.114 0.116 0.118 0.12 0.122 0.124 0.126 0.128 0.13 0.132 0.134 0.136 0.138 0.14 0.142 0.144 0.146 0.148 0.15 0.152 0.154 0.156 0.158 0.16 0.162 0.164 0.166 0.168 0.17 0.172 0.174 0.176 0.178 0.18 0.182 0.184 0.186 0.188 0.19 0.192 0.194 0.196 0.198 0.2 0.202 0.204 0.206 0.208 0.21 0.212 0.214 0.216 0.218 0.22 0.222 0.224 0.226 0.228 0.23 0.232 0.234 0.236 0.238 0.24 0.242 0.244 0.246 0.248 0.25 0.252 0.254 0.256 0.258 0.26 0.262 0.264 0.266 0.268 0.27 0.272 0.274"," 0 0 0 0 0 0 0 0 0 0 0 0 0 0 0 0 0 1 0 0 3 2 2 0 2 0 0 0 1 1 1 1 1 1 1 1 1 0 1 1 2 0 1 0 2 0 0 0 0 0 0 2 0 2 2 0 0 1 1 2 0 0 1 0 0 0 0 0 0 0 0 0 0 0 0 0 1 0 0 0 0 0 0 0 0 1 0 0 0 0 0 0 0 0 0 0 0 0 0 0 0 0 0"
PureAlohaExperiment-63-20210531-16:15:02-5386,attr,Aloha.server,collisionLength:histogram,title,"collision length, histogram",,,,,,,,,
PureAlohaExperiment-63-20210531-16:15:02-5386,histogram,Aloha.server,collisionMultiplicity:histogram,,,,39,,2.0512820512821,0.22345586503096,2,3," 1 2 3 4"," 0 37 2"
PureAlohaExperiment-63-20210531-16:15:02-5386,attr,Aloha.server,collisionMultiplicity:histogram,source,collision,,,,,,,,,
PureAlohaExperiment-63-20210531-16:15:02-5386,attr,Aloha.server,collisionMultiplicity:histogram,title,"collision multiplicity, histogram",,,,,,,,,
PureAlohaExperiment-93-20210531-16:30:01-5637,histogram,Aloha.server,collisionLength:histogram,,,,417,,0.21627407874064,0.11330081646779,0.099269810024,1.007015388509," 0 0.02 0.04 0.06 0.08 0.1 0.12 0.14 0.16 0.18 0.2 0.22 0.24 0.26 0.28 0.3 0.32 0.34 0.36 0.38 0.4 0.42 0.44 0.46 0.48 0.5 0.52 0.54 0.56 0.58 0.6 0.62 0.64 0.66 0.68 0.7 0.72 0.74 0.76 0.78 0.8 0.82 0.84 0.86 0.88 0.9 0.92 0.94 0.96 0.98 1 1.02"," 0 0 0 0 2 44 58 43 47 58 31 16 21 20 11 8 13 6 4 7 2 4 3 2 1 2 0 7 1 1 0 1 1 0 1 1 0 0 0 0 0 0 0 0 0 0 0 0 0 0 1"
PureAlohaExperiment-93-20210531-16:30:01-5637,attr,Aloha.server,collisionLength:histogram,title,"collision length, histogram",,,,,,,,,
PureAlohaExperiment-93-20210531-16:30:01-5637,histogram,Aloha.server,collisionMultiplicity:histogram,,,,417,,3.779376498801,2.3887268484416,2,21," 0 1 2 3 4 5 6 7 8 9 10 11 12 13 14 15 16 17 18 19 20 21 22"," 0 0 153 97 65 41 17 12 7 10 4 4 4 0 1 1 0 0 0 0 0 1"
PureAlohaExperiment-93-20210531-16:30:01-5637,attr,Aloha.server,collisionMultiplicity:histogram,source,collision,,,,,,,,,
PureAlohaExperiment-93-20210531-16:30:01-5637,attr,Aloha.server,collisionMultiplicity:histogram,title,"collision multiplicity, histogram",,,,,,,,,
PureAlohaExperiment-64-20210531-16:15:11-5386,histogram,Aloha.server,collisionLength:histogram,,,,8,,0.14863151331013,0.040095165872561,0.108573884613,0.194294462169," 0.086 0.088 0.09 0.092 0.094 0.096 0.098 0.1 0.102 0.104 0.106 0.108 0.11 0.112 0.114 0.116 0.118 0.12 0.122 0.124 0.126 0.128 0.13 0.132 0.134 0.136 0.138 0.14 0.142 0.144 0.146 0.148 0.15 0.152 0.154 0.156 0.158 0.16 0.162 0.164 0.166 0.168 0.17 0.172 0.174 0.176 0.178 0.18 0.182 0.184 0.186 0.188 0.19 0.192 0.194 0.196 0.198 0.2 0.202 0.204 0.206 0.208 0.21 0.212 0.214 0.216"," 0 0 0 0 0 0 0 0 0 0 0 1 2 0 1 0 0 0 0 0 0 0 0 0 0 0 0 0 0 0 0 0 0 0 0 0 0 0 0 0 0 0 0 0 0 0 0 2 0 1 0 0 0 0 1 0 0 0 0 0 0 0 0 0 0"
PureAlohaExperiment-64-20210531-16:15:11-5386,attr,Aloha.server,collisionLength:histogram,title,"collision length, histogram",,,,,,,,,
PureAlohaExperiment-64-20210531-16:15:11-5386,histogram,Aloha.server,collisionMultiplicity:histogram,,,,8,,2,0,2,2," 1 2 3"," 0 8"
PureAlohaExperiment-64-20210531-16:15:11-5386,attr,Aloha.server,collisionMultiplicity:histogram,source,collision,,,,,,,,,
PureAlohaExperiment-64-20210531-16:15:11-5386,attr,Aloha.server,collisionMultiplicity:histogram,title,"collision multiplicity, histogram",,,,,,,,,
PureAlohaExperiment-65-20210531-16:15:26-5386,histogram,Aloha.server,collisionLength:histogram,,,,10,,0.1528807088252,0.034623674078334,0.106819770197,0.201825525455," 0.082 0.084 0.086 0.088 0.09 0.092 0.094 0.096 0.098 0.1 0.102 0.104 0.106 0.108 0.11 0.112 0.114 0.116 0.118 0.12 0.122 0.124 0.126 0.128 0.13 0.132 0.134 0.136 0.138 0.14 0.142 0.144 0.146 0.148 0.15 0.152 0.154 0.156 0.158 0.16 0.162 0.164 0.166 0.168 0.17 0.172 0.174 0.176 0.178 0.18 0.182 0.184 0.186 0.188 0.19 0.192 0.194 0.196 0.198 0.2 0.202 0.204 0.206 0.208 0.21 0.212 0.214 0.216 0.218 0.22 0.222 0.224 0.226"," 0 0 0 0 0 0 0 0 0 0 0 0 1 0 0 0 0 0 1 1 1 0 0 0 0 0 0 0 0 0 0 0 1 0 0 1 0 0 0 0 0 0 0 0 0 0 0 1 0 0 0 0 0 1 1 0 0 0 0 1 0 0 0 0 0 0 0 0 0 0 0 0"
PureAlohaExperiment-65-20210531-16:15:26-5386,attr,Aloha.server,collisionLength:histogram,title,"collision length, histogram",,,,,,,,,
PureAlohaExperiment-65-20210531-16:15:26-5386,histogram,Aloha.server,collisionMultiplicity:histogram,,,,10,,2.1,0.31622776601684,2,3," 1 2 3 4"," 0 9 1"
PureAlohaExperiment-65-20210531-16:15:26-5386,attr,Aloha.server,collisionMultiplicity:histogram,source,collision,,,,,,,,,
PureAlohaExperiment-65-20210531-16:15:26-5386,attr,Aloha.server,collisionMultiplicity:histogram,title,"collision multiplicity, histogram",,,,,,,,,
PureAlohaExperiment-67-20210531-16:15:41-5386,histogram,Aloha.server,collisionLength:histogram,,,,7,,0.14122901716343,0.033395373154585,0.102779345331,0.180018197611," 0.082 0.084 0.086 0.088 0.09 0.092 0.094 0.096 0.098 0.1 0.102 0.104 0.106 0.108 0.11 0.112 0.114 0.116 0.118 0.12 0.122 0.124 0.126 0.128 0.13 0.132 0.134 0.136 0.138 0.14 0.142 0.144 0.146 0.148 0.15 0.152 0.154 0.156 0.158 0.16 0.162 0.164 0.166 0.168 0.17 0.172 0.174 0.176 0.178 0.18 0.182 0.184 0.186 0.188 0.19 0.192 0.194 0.196 0.198 0.2"," 0 0 0 0 0 0 0 0 0 0 2 0 0 0 0 0 0 0 1 0 0 0 0 0 0 0 0 0 0 0 1 0 0 0 0 0 0 0 0 1 0 0 0 0 0 0 0 0 1 1 0 0 0 0 0 0 0 0 0"
PureAlohaExperiment-67-20210531-16:15:41-5386,attr,Aloha.server,collisionLength:histogram,title,"collision length, histogram",,,,,,,,,
PureAlohaExperiment-67-20210531-16:15:41-5386,histogram,Aloha.server,collisionMultiplicity:histogram,,,,7,,2.1428571428571,0.37796447300923,2,3," 1 2 3 4"," 0 6 1"
PureAlohaExperiment-67-20210531-16:15:41-5386,attr,Aloha.server,collisionMultiplicity:histogram,source,collision,,,,,,,,,
PureAlohaExperiment-67-20210531-16:15:41-5386,attr,Aloha.server,collisionMultiplicity:histogram,title,"collision multiplicity, histogram",,,,,,,,,
